case,cores,status,seconds,single,makespan,speedup,selected,plan,error
case_001,2,ok,3.1477808952331543,233110,116868,1.9946435294520313,wcc_active2,/mnt/165d5ea0-c4bf-423a-a83b-e5fb727cf65f/lw/A/V10_result/V10_final_2-3-4-5core_allcase_plans/case_001_2core.json,
case_002,2,ok,33.7105131149292,261945,138549,1.890630751575255,reassign_0.1+task_sa_b0.02,/mnt/165d5ea0-c4bf-423a-a83b-e5fb727cf65f/lw/A/V10_result/V10_final_2-3-4-5core_allcase_plans/case_002_2core.json,
case_003,2,ok,420.5098717212677,602212,371987,1.6189060370389288,level_aggressive_160_20,/mnt/165d5ea0-c4bf-423a-a83b-e5fb727cf65f/lw/A/V10_result/V10_final_2-3-4-5core_allcase_plans/case_003_2core.json,
case_004,2,ok,4.206424236297607,392357,199074,1.9709103147573264,wcc_active2,/mnt/165d5ea0-c4bf-423a-a83b-e5fb727cf65f/lw/A/V10_result/V10_final_2-3-4-5core_allcase_plans/case_004_2core.json,
case_005,2,ok,75.98811507225037,95618,73246,1.305436474346722,r4_gate025_pack12_reassign_a01,/mnt/165d5ea0-c4bf-423a-a83b-e5fb727cf65f/lw/A/V10_result/V10_final_2-3-4-5core_allcase_plans/case_005_2core.json,
case_006,2,ok,6.4008684158325195,82837,42131,1.966176924354988,r4_struct_edgegsa_from_r4_gate025_pack12_reassign_a01+r1_edgegsa_b0.1,/mnt/165d5ea0-c4bf-423a-a83b-e5fb727cf65f/lw/A/V10_result/V10_final_2-3-4-5core_allcase_plans/case_006_2core.json,
case_007,2,ok,34.280433893203735,1012562,507494,1.9952196479170197,wcc_active2,/mnt/165d5ea0-c4bf-423a-a83b-e5fb727cf65f/lw/A/V10_result/V10_final_2-3-4-5core_allcase_plans/case_007_2core.json,
case_008,2,ok,5.207385540008545,487605,244266,1.9962049568912579,wcc_active2,/mnt/165d5ea0-c4bf-423a-a83b-e5fb727cf65f/lw/A/V10_result/V10_final_2-3-4-5core_allcase_plans/case_008_2core.json,
case_009,2,ok,126.32176375389099,153261,92198,1.66230286991041,wcc_active2,/mnt/165d5ea0-c4bf-423a-a83b-e5fb727cf65f/lw/A/V10_result/V10_final_2-3-4-5core_allcase_plans/case_009_2core.json,
case_010,2,ok,6.315128326416016,86969,45272,1.9210328679978794,wcc_active2,/mnt/165d5ea0-c4bf-423a-a83b-e5fb727cf65f/lw/A/V10_result/V10_final_2-3-4-5core_allcase_plans/case_010_2core.json,
case_011,2,ok,5.071974277496338,184697,92646,1.9935777043801135,wcc_active2,/mnt/165d5ea0-c4bf-423a-a83b-e5fb727cf65f/lw/A/V10_result/V10_final_2-3-4-5core_allcase_plans/case_011_2core.json,
case_012,2,ok,10.965108394622803,59088,30094,1.9634478633614674,wcc_active2,/mnt/165d5ea0-c4bf-423a-a83b-e5fb727cf65f/lw/A/V10_result/V10_final_2-3-4-5core_allcase_plans/case_012_2core.json,
case_013,2,ok,20.585357427597046,263949,132198,1.9966187083011846,wcc_active2,/mnt/165d5ea0-c4bf-423a-a83b-e5fb727cf65f/lw/A/V10_result/V10_final_2-3-4-5core_allcase_plans/case_013_2core.json,
case_014,2,ok,9428.588793516159,17698626,8714185,2.031013342039445,r4_struct_edgegsa_from_r4_gate025_pack30_reassign_a01+r1_edgegsa_b0.1,/mnt/165d5ea0-c4bf-423a-a83b-e5fb727cf65f/lw/A/V10_result/V10_final_2-3-4-5core_allcase_plans/case_014_2core.json,
case_015,2,ok,13.48570442199707,177362,90823,1.9528313312707133,r1_slackpack_aggressive_160_20+r1_edgegsa_b0,/mnt/165d5ea0-c4bf-423a-a83b-e5fb727cf65f/lw/A/V10_result/V10_final_2-3-4-5core_allcase_plans/case_015_2core.json,
case_016,2,ok,517.5491914749146,7715523,5187530,1.4873211335645289,level_strong_1024_8,/mnt/165d5ea0-c4bf-423a-a83b-e5fb727cf65f/lw/A/V10_result/V10_final_2-3-4-5core_allcase_plans/case_016_2core.json,
case_017,2,ok,17.334336042404175,162810,80744,2.016372733577727,r4_struct_edgegsa_from_r4_gate025_pack20_reassign_a0+r1_edgegsa_b0.1,/mnt/165d5ea0-c4bf-423a-a83b-e5fb727cf65f/lw/A/V10_result/V10_final_2-3-4-5core_allcase_plans/case_017_2core.json,
case_018,2,ok,89.31260752677917,1004367,498153,2.016181775478618,r1_slackpack_aggressive_160_20+r1_edgegsa_b0,/mnt/165d5ea0-c4bf-423a-a83b-e5fb727cf65f/lw/A/V10_result/V10_final_2-3-4-5core_allcase_plans/case_018_2core.json,
case_019,2,ok,8.175170421600342,81144,41810,1.940779717770868,reassign_0.1,/mnt/165d5ea0-c4bf-423a-a83b-e5fb727cf65f/lw/A/V10_result/V10_final_2-3-4-5core_allcase_plans/case_019_2core.json,
case_020,2,ok,64.35429263114929,532746,266580,1.9984469952734638,wcc_active2,/mnt/165d5ea0-c4bf-423a-a83b-e5fb727cf65f/lw/A/V10_result/V10_final_2-3-4-5core_allcase_plans/case_020_2core.json,
case_021,2,ok,101.4227340221405,6567937,3100548,2.118314891432095,clusterphase_strong_128_0.1,/mnt/165d5ea0-c4bf-423a-a83b-e5fb727cf65f/lw/A/V10_result/V10_final_2-3-4-5core_allcase_plans/case_021_2core.json,
case_022,2,ok,17.870117902755737,56780,28333,2.004023576747962,wcc_active2,/mnt/165d5ea0-c4bf-423a-a83b-e5fb727cf65f/lw/A/V10_result/V10_final_2-3-4-5core_allcase_plans/case_022_2core.json,
case_023,2,ok,16.37097978591919,122614,58568,2.0935323043300094,level_aggressive_160_20+task_sa_b0.02+task_gsa_b0,/mnt/165d5ea0-c4bf-423a-a83b-e5fb727cf65f/lw/A/V10_result/V10_final_2-3-4-5core_allcase_plans/case_023_2core.json,
case_024,2,ok,78.06657481193542,2555343,1719530,1.4860706123184824,level_strong_1024_8,/mnt/165d5ea0-c4bf-423a-a83b-e5fb727cf65f/lw/A/V10_result/V10_final_2-3-4-5core_allcase_plans/case_024_2core.json,
case_025,2,ok,494.14795327186584,4863026,2431840,1.9997310678334101,wcc_active2,/mnt/165d5ea0-c4bf-423a-a83b-e5fb727cf65f/lw/A/V10_result/V10_final_2-3-4-5core_allcase_plans/case_025_2core.json,
case_026,2,ok,11.742427110671997,99203,55254,1.7953994280957035,r4_struct_edgegsa_from_r4_gate025_pack20_reassign_a0+r1_edgegsa_b0.02,/mnt/165d5ea0-c4bf-423a-a83b-e5fb727cf65f/lw/A/V10_result/V10_final_2-3-4-5core_allcase_plans/case_026_2core.json,
case_027,2,ok,13.947695255279541,2363952,1120962,2.10886006840553,wcc_active2,/mnt/165d5ea0-c4bf-423a-a83b-e5fb727cf65f/lw/A/V10_result/V10_final_2-3-4-5core_allcase_plans/case_027_2core.json,
case_028,2,ok,592.2994964122772,43836040,20487686,2.1396286530357798,level_strong_1024_8,/mnt/165d5ea0-c4bf-423a-a83b-e5fb727cf65f/lw/A/V10_result/V10_final_2-3-4-5core_allcase_plans/case_028_2core.json,
case_029,2,ok,8.041247129440308,37555,19740,1.9024822695035462,wcc_active2,/mnt/165d5ea0-c4bf-423a-a83b-e5fb727cf65f/lw/A/V10_result/V10_final_2-3-4-5core_allcase_plans/case_029_2core.json,
case_030,2,ok,616.3010458946228,2808034,1391677,2.0177340000589217,r4_struct_taskgsa_from_r4_gate025_pack12_reassign_a01+task_gsa_b0,/mnt/165d5ea0-c4bf-423a-a83b-e5fb727cf65f/lw/A/V10_result/V10_final_2-3-4-5core_allcase_plans/case_030_2core.json,
case_031,2,ok,180.96911597251892,1414369,704711,2.007019898937295,r4_gate025_pack30_reassign_a01,/mnt/165d5ea0-c4bf-423a-a83b-e5fb727cf65f/lw/A/V10_result/V10_final_2-3-4-5core_allcase_plans/case_031_2core.json,
case_032,2,ok,8.980322122573853,41443,21880,1.8941042047531993,wcc_active2,/mnt/165d5ea0-c4bf-423a-a83b-e5fb727cf65f/lw/A/V10_result/V10_final_2-3-4-5core_allcase_plans/case_032_2core.json,
case_033,2,ok,149.37195873260498,1774196,871397,2.0360363875478114,r4_struct_edgegsa_from_r4_gate025_pack12_reassign_a01+r1_edgegsa_b0,/mnt/165d5ea0-c4bf-423a-a83b-e5fb727cf65f/lw/A/V10_result/V10_final_2-3-4-5core_allcase_plans/case_033_2core.json,
case_034,2,ok,147.01062750816345,842996,393832,2.140496455341364,level_aggressive_160_20+task_sa_b0.02,/mnt/165d5ea0-c4bf-423a-a83b-e5fb727cf65f/lw/A/V10_result/V10_final_2-3-4-5core_allcase_plans/case_034_2core.json,
case_035,2,ok,61.3583984375,169571,95406,1.7773620107750037,wcc_active2,/mnt/165d5ea0-c4bf-423a-a83b-e5fb727cf65f/lw/A/V10_result/V10_final_2-3-4-5core_allcase_plans/case_035_2core.json,
case_036,2,ok,20.005736827850342,931510,466068,1.998656848356892,wcc_active2,/mnt/165d5ea0-c4bf-423a-a83b-e5fb727cf65f/lw/A/V10_result/V10_final_2-3-4-5core_allcase_plans/case_036_2core.json,
case_037,2,ok,6.607365369796753,210001,105374,1.992910964754114,wcc_active2,/mnt/165d5ea0-c4bf-423a-a83b-e5fb727cf65f/lw/A/V10_result/V10_final_2-3-4-5core_allcase_plans/case_037_2core.json,
case_038,2,ok,329.64165711402893,1364555,669789,2.037290848311931,r4_struct_edgegsa_from_r4_gate025_pack12_reassign_a01+r1_edgegsa_b0.02,/mnt/165d5ea0-c4bf-423a-a83b-e5fb727cf65f/lw/A/V10_result/V10_final_2-3-4-5core_allcase_plans/case_038_2core.json,
case_039,2,ok,213.3241195678711,1435262,693424,2.0698187544705693,r4_gate025_pack12_reassign_a01,/mnt/165d5ea0-c4bf-423a-a83b-e5fb727cf65f/lw/A/V10_result/V10_final_2-3-4-5core_allcase_plans/case_039_2core.json,
case_040,2,ok,62.5060396194458,253454,136325,1.859189437007152,reassign_0.1,/mnt/165d5ea0-c4bf-423a-a83b-e5fb727cf65f/lw/A/V10_result/V10_final_2-3-4-5core_allcase_plans/case_040_2core.json,
case_041,2,ok,1934.0103969573975,6003957,2963356,2.026066729748299,r1_reassign_slackprio_0.1,/mnt/165d5ea0-c4bf-423a-a83b-e5fb727cf65f/lw/A/V10_result/V10_final_2-3-4-5core_allcase_plans/case_041_2core.json,
case_042,2,ok,165.0854296684265,1686740,837915,2.0130204137651195,r4_struct_edgegsa_from_r4_gate025_pack12_reassign_a01+r1_edgegsa_b0,/mnt/165d5ea0-c4bf-423a-a83b-e5fb727cf65f/lw/A/V10_result/V10_final_2-3-4-5core_allcase_plans/case_042_2core.json,
case_043,2,ok,242.01315760612488,677656,353177,1.918743293023045,wcc_active2,/mnt/165d5ea0-c4bf-423a-a83b-e5fb727cf65f/lw/A/V10_result/V10_final_2-3-4-5core_allcase_plans/case_043_2core.json,
case_044,2,ok,19.860063552856445,154407,75966,2.032580364900087,reassign_0.1+task_sa_b0.02,/mnt/165d5ea0-c4bf-423a-a83b-e5fb727cf65f/lw/A/V10_result/V10_final_2-3-4-5core_allcase_plans/case_044_2core.json,
case_045,2,ok,10.924662351608276,125614,63059,1.99200748505368,wcc_active2,/mnt/165d5ea0-c4bf-423a-a83b-e5fb727cf65f/lw/A/V10_result/V10_final_2-3-4-5core_allcase_plans/case_045_2core.json,
case_046,2,ok,14.366952419281006,276455,139710,1.9787774676114809,v7_active3_strong96+task_sa_b0,/mnt/165d5ea0-c4bf-423a-a83b-e5fb727cf65f/lw/A/V10_result/V10_final_2-3-4-5core_allcase_plans/case_046_2core.json,
case_047,2,ok,540.6874978542328,326508,223631,1.4600301389342265,r4_gate025_pack12_reassign_a01,/mnt/165d5ea0-c4bf-423a-a83b-e5fb727cf65f/lw/A/V10_result/V10_final_2-3-4-5core_allcase_plans/case_047_2core.json,
case_048,2,ok,22.23638892173767,222220,137166,1.6200807780353732,r1_reassign_slackprio_0.1,/mnt/165d5ea0-c4bf-423a-a83b-e5fb727cf65f/lw/A/V10_result/V10_final_2-3-4-5core_allcase_plans/case_048_2core.json,
case_049,2,ok,73.01867628097534,196276,114547,1.7134975163033515,r4_gate025_pack20_reassign_a1,/mnt/165d5ea0-c4bf-423a-a83b-e5fb727cf65f/lw/A/V10_result/V10_final_2-3-4-5core_allcase_plans/case_049_2core.json,
case_050,2,ok,80.99371266365051,149690,87913,1.702706084424374,r4_gate025_pack12_reassign_a01,/mnt/165d5ea0-c4bf-423a-a83b-e5fb727cf65f/lw/A/V10_result/V10_final_2-3-4-5core_allcase_plans/case_050_2core.json,
case_051,2,ok,11.003765106201172,607628,410530,1.4801062041750908,level_strong_1024_8,/mnt/165d5ea0-c4bf-423a-a83b-e5fb727cf65f/lw/A/V10_result/V10_final_2-3-4-5core_allcase_plans/case_051_2core.json,
case_052,2,ok,20.37337565422058,180301,90336,1.9958931101664896,r4_gate025_pack12_reassign_a01,/mnt/165d5ea0-c4bf-423a-a83b-e5fb727cf65f/lw/A/V10_result/V10_final_2-3-4-5core_allcase_plans/case_052_2core.json,
case_053,2,ok,356.8221480846405,1472686,762751,1.930755908546826,r4_gate025_pack12_reassign_a01,/mnt/165d5ea0-c4bf-423a-a83b-e5fb727cf65f/lw/A/V10_result/V10_final_2-3-4-5core_allcase_plans/case_053_2core.json,
case_054,2,ok,612.5345025062561,815051,489565,1.6648473644970536,r4_gate025_pack12_reassign_a01,/mnt/165d5ea0-c4bf-423a-a83b-e5fb727cf65f/lw/A/V10_result/V10_final_2-3-4-5core_allcase_plans/case_054_2core.json,
case_055,2,ok,13.27743148803711,118835,54822,2.167651672686148,r4_struct_edgegsa_from_r4_gate025_pack12_reassign_a01+r1_edgegsa_b0.1,/mnt/165d5ea0-c4bf-423a-a83b-e5fb727cf65f/lw/A/V10_result/V10_final_2-3-4-5core_allcase_plans/case_055_2core.json,
case_056,2,ok,173.11414170265198,277285,165025,1.680260566580821,r2_heft_slackprio_g025_aggressive_160_20,/mnt/165d5ea0-c4bf-423a-a83b-e5fb727cf65f/lw/A/V10_result/V10_final_2-3-4-5core_allcase_plans/case_056_2core.json,
case_057,2,ok,12.60317063331604,59726,30958,1.929258996059177,r4_struct_edgegsa_from_r4_gate025_pack12_reassign_a01+r1_edgegsa_b0.1,/mnt/165d5ea0-c4bf-423a-a83b-e5fb727cf65f/lw/A/V10_result/V10_final_2-3-4-5core_allcase_plans/case_057_2core.json,
case_058,2,ok,1171.4484655857086,4539717,2187195,2.075588596352863,reassign_0.1+task_sa_b0,/mnt/165d5ea0-c4bf-423a-a83b-e5fb727cf65f/lw/A/V10_result/V10_final_2-3-4-5core_allcase_plans/case_058_2core.json,
case_059,2,ok,27.68659496307373,829473,369318,2.2459587672412393,wcc_active2,/mnt/165d5ea0-c4bf-423a-a83b-e5fb727cf65f/lw/A/V10_result/V10_final_2-3-4-5core_allcase_plans/case_059_2core.json,
case_060,2,ok,236.04669189453125,888789,387568,2.293246604466829,r4_struct_taskgsa_from_r4_gate025_pack30_reassign_a01+task_gsa_b0.1,/mnt/165d5ea0-c4bf-423a-a83b-e5fb727cf65f/lw/A/V10_result/V10_final_2-3-4-5core_allcase_plans/case_060_2core.json,
case_061,2,ok,16.369020462036133,77191,38819,1.9884850202220563,clusterphase_aggressive_96_0.1,/mnt/165d5ea0-c4bf-423a-a83b-e5fb727cf65f/lw/A/V10_result/V10_final_2-3-4-5core_allcase_plans/case_061_2core.json,
case_062,2,ok,1309.2767462730408,2854809,1444896,1.975788568865856,level_strong_1024_8,/mnt/165d5ea0-c4bf-423a-a83b-e5fb727cf65f/lw/A/V10_result/V10_final_2-3-4-5core_allcase_plans/case_062_2core.json,
case_063,2,ok,222.7162733078003,1070397,546562,1.9584182581299103,level_strong_1024_8+task_sa_b0.02,/mnt/165d5ea0-c4bf-423a-a83b-e5fb727cf65f/lw/A/V10_result/V10_final_2-3-4-5core_allcase_plans/case_063_2core.json,
case_064,2,ok,20.168632745742798,19116,14678,1.3023572693827496,r4_struct_edgegsa_from_r4_gate025_pack20_reassign_a3+r1_edgegsa_b0,/mnt/165d5ea0-c4bf-423a-a83b-e5fb727cf65f/lw/A/V10_result/V10_final_2-3-4-5core_allcase_plans/case_064_2core.json,
case_065,2,ok,7.513822555541992,53068,26928,1.970736779560309,wcc_active2,/mnt/165d5ea0-c4bf-423a-a83b-e5fb727cf65f/lw/A/V10_result/V10_final_2-3-4-5core_allcase_plans/case_065_2core.json,
case_066,2,ok,127.31650471687317,359070,200617,1.7898283794493985,r4_gate025_pack12_reassign_a01,/mnt/165d5ea0-c4bf-423a-a83b-e5fb727cf65f/lw/A/V10_result/V10_final_2-3-4-5core_allcase_plans/case_066_2core.json,
case_067,2,ok,141.96097254753113,63834834,31958112,1.9974532287764684,reassign_0.1,/mnt/165d5ea0-c4bf-423a-a83b-e5fb727cf65f/lw/A/V10_result/V10_final_2-3-4-5core_allcase_plans/case_067_2core.json,
case_068,2,ok,111.628986120224,362095,207093,1.748465665184241,r1_slackgate_aggressive_160_20,/mnt/165d5ea0-c4bf-423a-a83b-e5fb727cf65f/lw/A/V10_result/V10_final_2-3-4-5core_allcase_plans/case_068_2core.json,
case_069,2,ok,19.992431640625,25144,17403,1.4448083663736138,reassign_0.1+task_sa_b0.02,/mnt/165d5ea0-c4bf-423a-a83b-e5fb727cf65f/lw/A/V10_result/V10_final_2-3-4-5core_allcase_plans/case_069_2core.json,
case_070,2,ok,13.575572967529297,117300,58525,2.0042716787697565,wcc_active2,/mnt/165d5ea0-c4bf-423a-a83b-e5fb727cf65f/lw/A/V10_result/V10_final_2-3-4-5core_allcase_plans/case_070_2core.json,
case_071,2,ok,16.046252965927124,18919,12369,1.529549680653246,reassign_3+task_sa_b0.02,/mnt/165d5ea0-c4bf-423a-a83b-e5fb727cf65f/lw/A/V10_result/V10_final_2-3-4-5core_allcase_plans/case_071_2core.json,
case_072,2,ok,3985.2065241336823,23897828,11671302,2.0475717276444394,reassign_2,/mnt/165d5ea0-c4bf-423a-a83b-e5fb727cf65f/lw/A/V10_result/V10_final_2-3-4-5core_allcase_plans/case_072_2core.json,
case_073,2,ok,110.88446283340454,10081626,5273105,1.9118955529996084,reassign_0.1+task_sa_b0.5+r1_edgegsa_b0.02,/mnt/165d5ea0-c4bf-423a-a83b-e5fb727cf65f/lw/A/V10_result/V10_final_2-3-4-5core_allcase_plans/case_073_2core.json,
case_074,2,ok,114.57475519180298,1682239,809920,2.0770434116949823,r4_gate025_pack12_reassign_a01,/mnt/165d5ea0-c4bf-423a-a83b-e5fb727cf65f/lw/A/V10_result/V10_final_2-3-4-5core_allcase_plans/case_074_2core.json,
case_075,2,ok,192.89660215377808,1441809,818827,1.7608224936402928,reassign_2,/mnt/165d5ea0-c4bf-423a-a83b-e5fb727cf65f/lw/A/V10_result/V10_final_2-3-4-5core_allcase_plans/case_075_2core.json,
case_076,2,ok,8020.4744074344635,6185113,3038307,2.0357103479009857,r4_struct_taskgsa_from_r4_gate025_pack30_reassign_a01+task_gsa_b0,/mnt/165d5ea0-c4bf-423a-a83b-e5fb727cf65f/lw/A/V10_result/V10_final_2-3-4-5core_allcase_plans/case_076_2core.json,
case_077,2,ok,77.70639038085938,495320,250735,1.9754721119907472,wcc_active2,/mnt/165d5ea0-c4bf-423a-a83b-e5fb727cf65f/lw/A/V10_result/V10_final_2-3-4-5core_allcase_plans/case_077_2core.json,
case_078,2,ok,12.02258563041687,2296143,1080972,2.1241466013920807,level_aggressive_160_20,/mnt/165d5ea0-c4bf-423a-a83b-e5fb727cf65f/lw/A/V10_result/V10_final_2-3-4-5core_allcase_plans/case_078_2core.json,
case_079,2,ok,1192.7223799228668,31052251,14731022,2.1079495366988117,level_aggressive_96_30,/mnt/165d5ea0-c4bf-423a-a83b-e5fb727cf65f/lw/A/V10_result/V10_final_2-3-4-5core_allcase_plans/case_079_2core.json,
case_080,2,ok,11.97076153755188,292138,145926,2.0019598974822856,wcc_active2,/mnt/165d5ea0-c4bf-423a-a83b-e5fb727cf65f/lw/A/V10_result/V10_final_2-3-4-5core_allcase_plans/case_080_2core.json,
case_081,2,ok,38.77223443984985,151795,76860,1.9749544626593807,wcc_active2,/mnt/165d5ea0-c4bf-423a-a83b-e5fb727cf65f/lw/A/V10_result/V10_final_2-3-4-5core_allcase_plans/case_081_2core.json,
case_082,2,ok,72.35678434371948,721041,410425,1.7568154961320583,r4_gate025_pack12_reassign_a01,/mnt/165d5ea0-c4bf-423a-a83b-e5fb727cf65f/lw/A/V10_result/V10_final_2-3-4-5core_allcase_plans/case_082_2core.json,
case_083,2,ok,69.66432690620422,1057993,465319,2.2736939604873214,v7_active3_strong96+task_sa_b0.5,/mnt/165d5ea0-c4bf-423a-a83b-e5fb727cf65f/lw/A/V10_result/V10_final_2-3-4-5core_allcase_plans/case_083_2core.json,
case_084,2,ok,179.00723505020142,2507412,1027610,2.4400424285477955,level_none_80_20,/mnt/165d5ea0-c4bf-423a-a83b-e5fb727cf65f/lw/A/V10_result/V10_final_2-3-4-5core_allcase_plans/case_084_2core.json,
case_085,2,ok,944.8941562175751,3187899,1919341,1.6609341435419762,r4_gate025_pack12_reassign_a01,/mnt/165d5ea0-c4bf-423a-a83b-e5fb727cf65f/lw/A/V10_result/V10_final_2-3-4-5core_allcase_plans/case_085_2core.json,
case_086,2,ok,105.38567209243774,118403,89363,1.3249667088168482,r4_gate025_pack12_reassign_a01,/mnt/165d5ea0-c4bf-423a-a83b-e5fb727cf65f/lw/A/V10_result/V10_final_2-3-4-5core_allcase_plans/case_086_2core.json,
case_087,2,ok,1551.719465970993,3974071,1985234,2.0018148994022873,wcc_active2,/mnt/165d5ea0-c4bf-423a-a83b-e5fb727cf65f/lw/A/V10_result/V10_final_2-3-4-5core_allcase_plans/case_087_2core.json,
case_088,2,ok,57.91466164588928,243623,142669,1.7076099222676264,r4_gate025_pack12_reassign_a01,/mnt/165d5ea0-c4bf-423a-a83b-e5fb727cf65f/lw/A/V10_result/V10_final_2-3-4-5core_allcase_plans/case_088_2core.json,
case_089,2,ok,38.01045608520508,693092,346832,1.998350786547954,wcc_active2,/mnt/165d5ea0-c4bf-423a-a83b-e5fb727cf65f/lw/A/V10_result/V10_final_2-3-4-5core_allcase_plans/case_089_2core.json,
case_090,2,ok,16.143455505371094,1178363,506285,2.3274697057981175,r1_reassign_slackprio_0.1,/mnt/165d5ea0-c4bf-423a-a83b-e5fb727cf65f/lw/A/V10_result/V10_final_2-3-4-5core_allcase_plans/case_090_2core.json,
case_091,2,ok,7180.442237854004,9186769,4512626,2.035792241590595,r4_struct_taskgsa_from_r4_gate025_pack30_reassign_a01+task_gsa_b0.1,/mnt/165d5ea0-c4bf-423a-a83b-e5fb727cf65f/lw/A/V10_result/V10_final_2-3-4-5core_allcase_plans/case_091_2core.json,
case_092,2,ok,399.57240080833435,4815554,2165742,2.2235123112540642,level_strong_1024_8,/mnt/165d5ea0-c4bf-423a-a83b-e5fb727cf65f/lw/A/V10_result/V10_final_2-3-4-5core_allcase_plans/case_092_2core.json,
case_093,2,ok,4.564164400100708,74205,37827,1.9616940280751844,wcc_active2,/mnt/165d5ea0-c4bf-423a-a83b-e5fb727cf65f/lw/A/V10_result/V10_final_2-3-4-5core_allcase_plans/case_093_2core.json,
case_094,2,ok,10.015891790390015,94892,47889,1.9814988828332185,level_strong_128_12+task_sa_b0.5,/mnt/165d5ea0-c4bf-423a-a83b-e5fb727cf65f/lw/A/V10_result/V10_final_2-3-4-5core_allcase_plans/case_094_2core.json,
case_095,2,ok,39.26156497001648,2084853,1042890,1.9991111238960964,wcc_active2,/mnt/165d5ea0-c4bf-423a-a83b-e5fb727cf65f/lw/A/V10_result/V10_final_2-3-4-5core_allcase_plans/case_095_2core.json,
case_096,2,ok,20.764771461486816,84194,44939,1.8735174347448764,reassign_0.1+task_sa_b0.1,/mnt/165d5ea0-c4bf-423a-a83b-e5fb727cf65f/lw/A/V10_result/V10_final_2-3-4-5core_allcase_plans/case_096_2core.json,
case_097,2,ok,225.82401585578918,11491509,5159216,2.2273750507829098,r4_gate025_pack12_reassign_a01,/mnt/165d5ea0-c4bf-423a-a83b-e5fb727cf65f/lw/A/V10_result/V10_final_2-3-4-5core_allcase_plans/case_097_2core.json,
case_098,2,ok,12.838568687438965,177430,89756,1.9768037791345425,wcc_active2,/mnt/165d5ea0-c4bf-423a-a83b-e5fb727cf65f/lw/A/V10_result/V10_final_2-3-4-5core_allcase_plans/case_098_2core.json,
case_099,2,ok,344.6022205352783,1622999,802359,2.0227840654868956,r4_struct_edgegsa_from_r4_gate025_pack12_reassign_a01+r1_edgegsa_b0.02,/mnt/165d5ea0-c4bf-423a-a83b-e5fb727cf65f/lw/A/V10_result/V10_final_2-3-4-5core_allcase_plans/case_099_2core.json,
case_100,2,ok,26.22022271156311,151223,77100,1.9613878080415046,r4_struct_taskgsa_from_r4_gate025_pack20_reassign_a0+task_gsa_b0.1,/mnt/165d5ea0-c4bf-423a-a83b-e5fb727cf65f/lw/A/V10_result/V10_final_2-3-4-5core_allcase_plans/case_100_2core.json,
case_001,3,ok,3.2768566608428955,233110,78545,2.9678528232223567,wcc_active3,/mnt/165d5ea0-c4bf-423a-a83b-e5fb727cf65f/lw/A/V10_result/V10_final_2-3-4-5core_allcase_plans/case_001_3core.json,
case_002,3,ok,26.81009840965271,261945,94580,2.7695601607105096,level_strong_1024_8+task_gsa_b0.1,/mnt/165d5ea0-c4bf-423a-a83b-e5fb727cf65f/lw/A/V10_result/V10_final_2-3-4-5core_allcase_plans/case_002_3core.json,
case_003,3,ok,446.1624205112457,602212,261921,2.2992123579247177,r4_gate025_pack20_reassign_a3,/mnt/165d5ea0-c4bf-423a-a83b-e5fb727cf65f/lw/A/V10_result/V10_final_2-3-4-5core_allcase_plans/case_003_3core.json,
case_004,3,ok,4.116955757141113,392357,134043,2.927098020784375,wcc_active3,/mnt/165d5ea0-c4bf-423a-a83b-e5fb727cf65f/lw/A/V10_result/V10_final_2-3-4-5core_allcase_plans/case_004_3core.json,
case_005,3,ok,81.35671663284302,95618,58418,1.6367900304700607,r4_gate025_pack12_reassign_a01,/mnt/165d5ea0-c4bf-423a-a83b-e5fb727cf65f/lw/A/V10_result/V10_final_2-3-4-5core_allcase_plans/case_005_3core.json,
case_006,3,ok,7.151993274688721,82837,29395,2.81806429664909,r4_struct_edgegsa_from_r4_gate025_pack12_reassign_a01+r1_edgegsa_b0,/mnt/165d5ea0-c4bf-423a-a83b-e5fb727cf65f/lw/A/V10_result/V10_final_2-3-4-5core_allcase_plans/case_006_3core.json,
case_007,3,ok,33.27888464927673,1012562,338094,2.994912657426633,wcc_active3,/mnt/165d5ea0-c4bf-423a-a83b-e5fb727cf65f/lw/A/V10_result/V10_final_2-3-4-5core_allcase_plans/case_007_3core.json,
case_008,3,ok,5.112780570983887,487605,163359,2.984867684057811,wcc_active3,/mnt/165d5ea0-c4bf-423a-a83b-e5fb727cf65f/lw/A/V10_result/V10_final_2-3-4-5core_allcase_plans/case_008_3core.json,
case_009,3,ok,137.84940218925476,153261,65962,2.323474121463873,r4_gate025_pack12_reassign_a01,/mnt/165d5ea0-c4bf-423a-a83b-e5fb727cf65f/lw/A/V10_result/V10_final_2-3-4-5core_allcase_plans/case_009_3core.json,
case_010,3,ok,7.67005729675293,86969,30856,2.8185442053409386,wcc_active3,/mnt/165d5ea0-c4bf-423a-a83b-e5fb727cf65f/lw/A/V10_result/V10_final_2-3-4-5core_allcase_plans/case_010_3core.json,
case_011,3,ok,11.396205425262451,184697,68507,2.696031062519159,level_strong_1024_8+task_gsa_b0.02+r1_edgegsa_b0,/mnt/165d5ea0-c4bf-423a-a83b-e5fb727cf65f/lw/A/V10_result/V10_final_2-3-4-5core_allcase_plans/case_011_3core.json,
case_012,3,ok,12.58153223991394,59088,20084,2.942043417645887,clusterphase_aggressive_64_0.2,/mnt/165d5ea0-c4bf-423a-a83b-e5fb727cf65f/lw/A/V10_result/V10_final_2-3-4-5core_allcase_plans/case_012_3core.json,
case_013,3,ok,20.072667360305786,263949,88351,2.98750438591527,wcc_active3,/mnt/165d5ea0-c4bf-423a-a83b-e5fb727cf65f/lw/A/V10_result/V10_final_2-3-4-5core_allcase_plans/case_013_3core.json,
case_014,3,ok,10970.82940530777,17698626,5826073,3.037831142864156,reassign_0.1+task_gsa_b0,/mnt/165d5ea0-c4bf-423a-a83b-e5fb727cf65f/lw/A/V10_result/V10_final_2-3-4-5core_allcase_plans/case_014_3core.json,
case_015,3,ok,13.386059284210205,177362,60807,2.916802341835644,wcc_active3,/mnt/165d5ea0-c4bf-423a-a83b-e5fb727cf65f/lw/A/V10_result/V10_final_2-3-4-5core_allcase_plans/case_015_3core.json,
case_016,3,ok,568.7562787532806,7715523,4034783,1.9122522822169123,level_strong_256_10,/mnt/165d5ea0-c4bf-423a-a83b-e5fb727cf65f/lw/A/V10_result/V10_final_2-3-4-5core_allcase_plans/case_016_3core.json,
case_017,3,ok,25.809312105178833,162810,54728,2.974894021341909,r4_struct_taskgsa_from_r4_gate025_pack20_reassign_a0+task_gsa_b0,/mnt/165d5ea0-c4bf-423a-a83b-e5fb727cf65f/lw/A/V10_result/V10_final_2-3-4-5core_allcase_plans/case_017_3core.json,
case_018,3,ok,64.84967041015625,1004367,338272,2.969110656513102,wcc_active3,/mnt/165d5ea0-c4bf-423a-a83b-e5fb727cf65f/lw/A/V10_result/V10_final_2-3-4-5core_allcase_plans/case_018_3core.json,
case_019,3,ok,6.758947372436523,81144,28488,2.848357203032856,r4_struct_taskgsa_from_r4_gate025_pack20_reassign_a0+task_gsa_b0,/mnt/165d5ea0-c4bf-423a-a83b-e5fb727cf65f/lw/A/V10_result/V10_final_2-3-4-5core_allcase_plans/case_019_3core.json,
case_020,3,ok,67.78863048553467,532746,177950,2.993796010115201,wcc_active3,/mnt/165d5ea0-c4bf-423a-a83b-e5fb727cf65f/lw/A/V10_result/V10_final_2-3-4-5core_allcase_plans/case_020_3core.json,
case_021,3,ok,102.3906307220459,6567937,2084168,3.151347204256087,v7_active3_strong96,/mnt/165d5ea0-c4bf-423a-a83b-e5fb727cf65f/lw/A/V10_result/V10_final_2-3-4-5core_allcase_plans/case_021_3core.json,
case_022,3,ok,16.741427183151245,56780,19128,2.968423253868674,wcc_active3,/mnt/165d5ea0-c4bf-423a-a83b-e5fb727cf65f/lw/A/V10_result/V10_final_2-3-4-5core_allcase_plans/case_022_3core.json,
case_023,3,ok,14.144707918167114,122614,39614,3.0952188620184784,r4_struct_taskgsa_from_r4_gate025_pack12_reassign_a01+task_gsa_b0.02,/mnt/165d5ea0-c4bf-423a-a83b-e5fb727cf65f/lw/A/V10_result/V10_final_2-3-4-5core_allcase_plans/case_023_3core.json,
case_024,3,ok,79.38908791542053,2555343,1337495,1.910543964650335,level_strong_256_10,/mnt/165d5ea0-c4bf-423a-a83b-e5fb727cf65f/lw/A/V10_result/V10_final_2-3-4-5core_allcase_plans/case_024_3core.json,
case_025,3,ok,605.7790997028351,4863026,1622164,2.9978633479722148,wcc_active3,/mnt/165d5ea0-c4bf-423a-a83b-e5fb727cf65f/lw/A/V10_result/V10_final_2-3-4-5core_allcase_plans/case_025_3core.json,
case_026,3,ok,8.427565336227417,99203,41655,2.3815388308726444,wcc_active3,/mnt/165d5ea0-c4bf-423a-a83b-e5fb727cf65f/lw/A/V10_result/V10_final_2-3-4-5core_allcase_plans/case_026_3core.json,
case_027,3,ok,27.361298084259033,2363952,757279,3.1216394486048076,v7_micro64_b40+task_gsa_b0,/mnt/165d5ea0-c4bf-423a-a83b-e5fb727cf65f/lw/A/V10_result/V10_final_2-3-4-5core_allcase_plans/case_027_3core.json,
case_028,3,ok,754.1704723834991,43836040,13753761,3.187203849187142,v7_active3_strong96,/mnt/165d5ea0-c4bf-423a-a83b-e5fb727cf65f/lw/A/V10_result/V10_final_2-3-4-5core_allcase_plans/case_028_3core.json,
case_029,3,ok,6.791903018951416,37555,12743,2.9471082162756024,wcc_active3,/mnt/165d5ea0-c4bf-423a-a83b-e5fb727cf65f/lw/A/V10_result/V10_final_2-3-4-5core_allcase_plans/case_029_3core.json,
case_030,3,ok,637.7885437011719,2808034,928263,3.0250413945185795,r4_struct_edgegsa_from_r4_gate025_pack12_reassign_a01+r1_edgegsa_b0,/mnt/165d5ea0-c4bf-423a-a83b-e5fb727cf65f/lw/A/V10_result/V10_final_2-3-4-5core_allcase_plans/case_030_3core.json,
case_031,3,ok,184.1309952735901,1414369,476572,2.967797100962709,r4_gate025_pack30_reassign_a01,/mnt/165d5ea0-c4bf-423a-a83b-e5fb727cf65f/lw/A/V10_result/V10_final_2-3-4-5core_allcase_plans/case_031_3core.json,
case_032,3,ok,9.694319248199463,41443,14907,2.7801033071711276,r4_struct_taskgsa_from_r4_gate025_pack12_reassign_a01+task_gsa_b0,/mnt/165d5ea0-c4bf-423a-a83b-e5fb727cf65f/lw/A/V10_result/V10_final_2-3-4-5core_allcase_plans/case_032_3core.json,
case_033,3,ok,129.47550559043884,1774196,582606,3.0452758811272114,r4_struct_taskgsa_from_r4_gate025_pack12_reassign_a01+task_gsa_b0,/mnt/165d5ea0-c4bf-423a-a83b-e5fb727cf65f/lw/A/V10_result/V10_final_2-3-4-5core_allcase_plans/case_033_3core.json,
case_034,3,ok,136.806978225708,842996,267777,3.148126986260956,reassign_0.1+task_gsa_b0.1+r1_edgegsa_b0.1,/mnt/165d5ea0-c4bf-423a-a83b-e5fb727cf65f/lw/A/V10_result/V10_final_2-3-4-5core_allcase_plans/case_034_3core.json,
case_035,3,ok,66.52835202217102,169571,73665,2.3019208579379624,r2_heft_slackprio_g025_aggressive_160_20,/mnt/165d5ea0-c4bf-423a-a83b-e5fb727cf65f/lw/A/V10_result/V10_final_2-3-4-5core_allcase_plans/case_035_3core.json,
case_036,3,ok,19.70143222808838,931510,311345,2.991890025534375,wcc_active3,/mnt/165d5ea0-c4bf-423a-a83b-e5fb727cf65f/lw/A/V10_result/V10_final_2-3-4-5core_allcase_plans/case_036_3core.json,
case_037,3,ok,7.732994556427002,210001,74038,2.836394824279424,wcc_active3,/mnt/165d5ea0-c4bf-423a-a83b-e5fb727cf65f/lw/A/V10_result/V10_final_2-3-4-5core_allcase_plans/case_037_3core.json,
case_038,3,ok,277.9623749256134,1364555,447321,3.0505051182484166,r4_struct_taskgsa_from_r4_gate025_pack12_reassign_a01+task_gsa_b0,/mnt/165d5ea0-c4bf-423a-a83b-e5fb727cf65f/lw/A/V10_result/V10_final_2-3-4-5core_allcase_plans/case_038_3core.json,
case_039,3,ok,238.83598804473877,1435262,476080,3.0147496219122836,v7_active3_strong96+task_gsa_b0.02+r1_edgegsa_b0,/mnt/165d5ea0-c4bf-423a-a83b-e5fb727cf65f/lw/A/V10_result/V10_final_2-3-4-5core_allcase_plans/case_039_3core.json,
case_040,3,ok,48.66493487358093,253454,102246,2.478864698863525,level_aggressive_96_30,/mnt/165d5ea0-c4bf-423a-a83b-e5fb727cf65f/lw/A/V10_result/V10_final_2-3-4-5core_allcase_plans/case_040_3core.json,
case_041,3,ok,1859.3428502082825,6003957,1977312,3.0364236903432538,reassign_0.1,/mnt/165d5ea0-c4bf-423a-a83b-e5fb727cf65f/lw/A/V10_result/V10_final_2-3-4-5core_allcase_plans/case_041_3core.json,
case_042,3,ok,210.9382450580597,1686740,559636,3.0139948109128074,r4_struct_edgegsa_from_r4_gate025_pack12_reassign_a01+r1_edgegsa_b0.1,/mnt/165d5ea0-c4bf-423a-a83b-e5fb727cf65f/lw/A/V10_result/V10_final_2-3-4-5core_allcase_plans/case_042_3core.json,
case_043,3,ok,254.29218459129333,677656,255591,2.6513296634075534,r4_gate025_pack20_reassign_a3,/mnt/165d5ea0-c4bf-423a-a83b-e5fb727cf65f/lw/A/V10_result/V10_final_2-3-4-5core_allcase_plans/case_043_3core.json,
case_044,3,ok,20.748457670211792,154407,67124,2.3003247720636435,v7_active3_strong96+task_sa_b0,/mnt/165d5ea0-c4bf-423a-a83b-e5fb727cf65f/lw/A/V10_result/V10_final_2-3-4-5core_allcase_plans/case_044_3core.json,
case_045,3,ok,11.929094791412354,125614,42304,2.9693173222390317,corephase_0.05_1.05,/mnt/165d5ea0-c4bf-423a-a83b-e5fb727cf65f/lw/A/V10_result/V10_final_2-3-4-5core_allcase_plans/case_045_3core.json,
case_046,3,ok,14.380418539047241,276455,114180,2.4212208793133647,v7_active3_strong96+task_sa_b0.02,/mnt/165d5ea0-c4bf-423a-a83b-e5fb727cf65f/lw/A/V10_result/V10_final_2-3-4-5core_allcase_plans/case_046_3core.json,
case_047,3,ok,538.2592647075653,326508,175910,1.856108237166733,r4_gate025_pack12_reassign_a01,/mnt/165d5ea0-c4bf-423a-a83b-e5fb727cf65f/lw/A/V10_result/V10_final_2-3-4-5core_allcase_plans/case_047_3core.json,
case_048,3,ok,22.653532028198242,222220,110768,2.0061750686118733,level_aggressive_160_20,/mnt/165d5ea0-c4bf-423a-a83b-e5fb727cf65f/lw/A/V10_result/V10_final_2-3-4-5core_allcase_plans/case_048_3core.json,
case_049,3,ok,74.9154806137085,196276,80403,2.4411526933074637,r4_gate025_pack20_reassign_a3,/mnt/165d5ea0-c4bf-423a-a83b-e5fb727cf65f/lw/A/V10_result/V10_final_2-3-4-5core_allcase_plans/case_049_3core.json,
case_050,3,ok,82.94085884094238,149690,62196,2.406746414560422,r4_gate025_pack12_reassign_a01,/mnt/165d5ea0-c4bf-423a-a83b-e5fb727cf65f/lw/A/V10_result/V10_final_2-3-4-5core_allcase_plans/case_050_3core.json,
case_051,3,ok,11.519890785217285,607628,319401,1.902398552290068,level_strong_256_10,/mnt/165d5ea0-c4bf-423a-a83b-e5fb727cf65f/lw/A/V10_result/V10_final_2-3-4-5core_allcase_plans/case_051_3core.json,
case_052,3,ok,15.784062147140503,180301,60834,2.9638195745800044,r4_struct_edgegsa_from_r4_gate025_pack12_reassign_a01+r1_edgegsa_b0,/mnt/165d5ea0-c4bf-423a-a83b-e5fb727cf65f/lw/A/V10_result/V10_final_2-3-4-5core_allcase_plans/case_052_3core.json,
case_053,3,ok,346.95030999183655,1472686,532812,2.76398804831723,r4_gate025_pack20_reassign_a1,/mnt/165d5ea0-c4bf-423a-a83b-e5fb727cf65f/lw/A/V10_result/V10_final_2-3-4-5core_allcase_plans/case_053_3core.json,
case_054,3,ok,640.9613370895386,815051,350525,2.3252292989087797,r4_gate025_pack12_reassign_a01,/mnt/165d5ea0-c4bf-423a-a83b-e5fb727cf65f/lw/A/V10_result/V10_final_2-3-4-5core_allcase_plans/case_054_3core.json,
case_055,3,ok,19.944732427597046,118835,37301,3.18583952172864,r4_struct_taskgsa_from_r4_gate025_pack12_reassign_a01+task_gsa_b0.1,/mnt/165d5ea0-c4bf-423a-a83b-e5fb727cf65f/lw/A/V10_result/V10_final_2-3-4-5core_allcase_plans/case_055_3core.json,
case_056,3,ok,177.09002661705017,277285,116791,2.3741983543252476,r4_gate025_pack12_reassign_a01,/mnt/165d5ea0-c4bf-423a-a83b-e5fb727cf65f/lw/A/V10_result/V10_final_2-3-4-5core_allcase_plans/case_056_3core.json,
case_057,3,ok,13.279679298400879,59726,20914,2.8557903796499953,r4_struct_edgegsa_from_r4_gate025_pack12_reassign_a01+r1_edgegsa_b0,/mnt/165d5ea0-c4bf-423a-a83b-e5fb727cf65f/lw/A/V10_result/V10_final_2-3-4-5core_allcase_plans/case_057_3core.json,
case_058,3,ok,836.2903392314911,4539717,1458289,3.11304343652047,v7_active3_strong96,/mnt/165d5ea0-c4bf-423a-a83b-e5fb727cf65f/lw/A/V10_result/V10_final_2-3-4-5core_allcase_plans/case_058_3core.json,
case_059,3,ok,35.60366225242615,829473,255531,3.2460758185895253,r4_gate025_pack12_reassign_a01,/mnt/165d5ea0-c4bf-423a-a83b-e5fb727cf65f/lw/A/V10_result/V10_final_2-3-4-5core_allcase_plans/case_059_3core.json,
case_060,3,ok,193.43307495117188,888789,262240,3.389219798657718,r4_struct_edgegsa_from_r4_gate025_pack30_reassign_a01+r1_edgegsa_b0,/mnt/165d5ea0-c4bf-423a-a83b-e5fb727cf65f/lw/A/V10_result/V10_final_2-3-4-5core_allcase_plans/case_060_3core.json,
case_061,3,ok,15.498430728912354,77191,28409,2.7171318948220633,wcc_active3,/mnt/165d5ea0-c4bf-423a-a83b-e5fb727cf65f/lw/A/V10_result/V10_final_2-3-4-5core_allcase_plans/case_061_3core.json,
case_062,3,ok,1193.139046907425,2854809,965606,2.956494677953534,reassign_0.1+task_gsa_b0.02,/mnt/165d5ea0-c4bf-423a-a83b-e5fb727cf65f/lw/A/V10_result/V10_final_2-3-4-5core_allcase_plans/case_062_3core.json,
case_063,3,ok,213.7157371044159,1070397,366619,2.91964409918744,reassign_0.1+task_gsa_b0.1,/mnt/165d5ea0-c4bf-423a-a83b-e5fb727cf65f/lw/A/V10_result/V10_final_2-3-4-5core_allcase_plans/case_063_3core.json,
case_064,3,ok,22.115617275238037,19116,12131,1.5757975434836369,r4_struct_taskgsa_from_r4_gate025_pack20_reassign_a1+task_gsa_b0,/mnt/165d5ea0-c4bf-423a-a83b-e5fb727cf65f/lw/A/V10_result/V10_final_2-3-4-5core_allcase_plans/case_064_3core.json,
case_065,3,ok,8.689479351043701,53068,18165,2.921442334159097,wcc_active3,/mnt/165d5ea0-c4bf-423a-a83b-e5fb727cf65f/lw/A/V10_result/V10_final_2-3-4-5core_allcase_plans/case_065_3core.json,
case_066,3,ok,132.7085497379303,359070,141820,2.5318713862642785,r4_gate025_pack20_reassign_a3,/mnt/165d5ea0-c4bf-423a-a83b-e5fb727cf65f/lw/A/V10_result/V10_final_2-3-4-5core_allcase_plans/case_066_3core.json,
case_067,3,ok,145.15386414527893,63834834,21800896,2.928083047595842,level_strong_1024_8,/mnt/165d5ea0-c4bf-423a-a83b-e5fb727cf65f/lw/A/V10_result/V10_final_2-3-4-5core_allcase_plans/case_067_3core.json,
case_068,3,ok,121.3871419429779,362095,148169,2.4437972855320615,r4_gate025_pack12_reassign_a01,/mnt/165d5ea0-c4bf-423a-a83b-e5fb727cf65f/lw/A/V10_result/V10_final_2-3-4-5core_allcase_plans/case_068_3core.json,
case_069,3,ok,23.505910634994507,25144,12507,2.0103941792596145,reassign_0.1+task_sa_b0,/mnt/165d5ea0-c4bf-423a-a83b-e5fb727cf65f/lw/A/V10_result/V10_final_2-3-4-5core_allcase_plans/case_069_3core.json,
case_070,3,ok,26.612831115722656,117300,41358,2.836210648483969,r4_struct_taskgsa_from_r4_gate025_pack12_reassign_a01+task_gsa_b0.1,/mnt/165d5ea0-c4bf-423a-a83b-e5fb727cf65f/lw/A/V10_result/V10_final_2-3-4-5core_allcase_plans/case_070_3core.json,
case_071,3,ok,18.12808585166931,18919,10215,1.8520802741067057,reassign_0.1+task_sa_b0,/mnt/165d5ea0-c4bf-423a-a83b-e5fb727cf65f/lw/A/V10_result/V10_final_2-3-4-5core_allcase_plans/case_071_3core.json,
case_072,3,ok,4540.908064842224,23897828,7848392,3.044933025771394,r4_gate025_pack30_reassign_a01,/mnt/165d5ea0-c4bf-423a-a83b-e5fb727cf65f/lw/A/V10_result/V10_final_2-3-4-5core_allcase_plans/case_072_3core.json,
case_073,3,ok,62.53734636306763,10081626,3978720,2.533886777657136,level_strong_1024_8,/mnt/165d5ea0-c4bf-423a-a83b-e5fb727cf65f/lw/A/V10_result/V10_final_2-3-4-5core_allcase_plans/case_073_3core.json,
case_074,3,ok,114.73465585708618,1682239,544166,3.0914077689528563,r4_struct_edgegsa_from_r4_gate025_pack12_reassign_a01+r1_edgegsa_b0.1,/mnt/165d5ea0-c4bf-423a-a83b-e5fb727cf65f/lw/A/V10_result/V10_final_2-3-4-5core_allcase_plans/case_074_3core.json,
case_075,3,ok,193.609765291214,1441809,607595,2.372977065314889,level_aggressive_160_20,/mnt/165d5ea0-c4bf-423a-a83b-e5fb727cf65f/lw/A/V10_result/V10_final_2-3-4-5core_allcase_plans/case_075_3core.json,
case_076,3,ok,8939.553929567337,6185113,2027086,3.051233642775886,r4_struct_taskgsa_from_r4_gate025_pack30_reassign_a01+task_gsa_b0.02,/mnt/165d5ea0-c4bf-423a-a83b-e5fb727cf65f/lw/A/V10_result/V10_final_2-3-4-5core_allcase_plans/case_076_3core.json,
case_077,3,ok,83.54566049575806,495320,173162,2.8604428223282246,r4_gate025_pack12_reassign_a01,/mnt/165d5ea0-c4bf-423a-a83b-e5fb727cf65f/lw/A/V10_result/V10_final_2-3-4-5core_allcase_plans/case_077_3core.json,
case_078,3,ok,12.973895788192749,2296143,768412,2.9881665044273125,reassign_0.1+r1_edgegsa_b0.02,/mnt/165d5ea0-c4bf-423a-a83b-e5fb727cf65f/lw/A/V10_result/V10_final_2-3-4-5core_allcase_plans/case_078_3core.json,
case_079,3,ok,1228.6475942134857,31052251,9824418,3.1607216834625724,level_aggressive_96_30,/mnt/165d5ea0-c4bf-423a-a83b-e5fb727cf65f/lw/A/V10_result/V10_final_2-3-4-5core_allcase_plans/case_079_3core.json,
case_080,3,ok,11.968520641326904,292138,100325,2.9119162721156244,wcc_active3,/mnt/165d5ea0-c4bf-423a-a83b-e5fb727cf65f/lw/A/V10_result/V10_final_2-3-4-5core_allcase_plans/case_080_3core.json,
case_081,3,ok,45.00920867919922,151795,51943,2.9223379473653814,wcc_active3,/mnt/165d5ea0-c4bf-423a-a83b-e5fb727cf65f/lw/A/V10_result/V10_final_2-3-4-5core_allcase_plans/case_081_3core.json,
case_082,3,ok,78.07770729064941,721041,291176,2.4763064263538204,r4_gate025_pack12_reassign_a01,/mnt/165d5ea0-c4bf-423a-a83b-e5fb727cf65f/lw/A/V10_result/V10_final_2-3-4-5core_allcase_plans/case_082_3core.json,
case_083,3,ok,37.9287645816803,1057993,329963,3.2063988992705243,v7_active3_strong96,/mnt/165d5ea0-c4bf-423a-a83b-e5fb727cf65f/lw/A/V10_result/V10_final_2-3-4-5core_allcase_plans/case_083_3core.json,
case_084,3,ok,177.80685377120972,2507412,789536,3.1758045231629715,r1_reassign_slackprio_0.1,/mnt/165d5ea0-c4bf-423a-a83b-e5fb727cf65f/lw/A/V10_result/V10_final_2-3-4-5core_allcase_plans/case_084_3core.json,
case_085,3,ok,928.1904020309448,3187899,1324620,2.4066517189835577,r1_slackgate_aggressive_160_20,/mnt/165d5ea0-c4bf-423a-a83b-e5fb727cf65f/lw/A/V10_result/V10_final_2-3-4-5core_allcase_plans/case_085_3core.json,
case_086,3,ok,107.91472434997559,118403,71334,1.659839627667031,r4_gate025_pack12_reassign_a01,/mnt/165d5ea0-c4bf-423a-a83b-e5fb727cf65f/lw/A/V10_result/V10_final_2-3-4-5core_allcase_plans/case_086_3core.json,
case_087,3,ok,1791.1087000370026,3974071,1385253,2.8688412874760063,wcc_active3,/mnt/165d5ea0-c4bf-423a-a83b-e5fb727cf65f/lw/A/V10_result/V10_final_2-3-4-5core_allcase_plans/case_087_3core.json,
case_088,3,ok,59.70752739906311,243623,103130,2.3622903131969357,r3_gate025_slackpack_reassign01,/mnt/165d5ea0-c4bf-423a-a83b-e5fb727cf65f/lw/A/V10_result/V10_final_2-3-4-5core_allcase_plans/case_088_3core.json,
case_089,3,ok,45.14621591567993,693092,243614,2.8450417463692563,wcc_active3,/mnt/165d5ea0-c4bf-423a-a83b-e5fb727cf65f/lw/A/V10_result/V10_final_2-3-4-5core_allcase_plans/case_089_3core.json,
case_090,3,ok,16.14756941795349,1178363,396391,2.972728946923618,v7_active3_strong96,/mnt/165d5ea0-c4bf-423a-a83b-e5fb727cf65f/lw/A/V10_result/V10_final_2-3-4-5core_allcase_plans/case_090_3core.json,
case_091,3,ok,8759.236711025238,9186769,3018910,3.0430748183947185,r4_struct_taskgsa_from_r4_gate025_pack30_reassign_a01+task_gsa_b0,/mnt/165d5ea0-c4bf-423a-a83b-e5fb727cf65f/lw/A/V10_result/V10_final_2-3-4-5core_allcase_plans/case_091_3core.json,
case_092,3,ok,420.09329319000244,4815554,1416984,3.398453334688324,v7_active3_strong96,/mnt/165d5ea0-c4bf-423a-a83b-e5fb727cf65f/lw/A/V10_result/V10_final_2-3-4-5core_allcase_plans/case_092_3core.json,
case_093,3,ok,4.7370030879974365,74205,25103,2.956021192686133,wcc_active3,/mnt/165d5ea0-c4bf-423a-a83b-e5fb727cf65f/lw/A/V10_result/V10_final_2-3-4-5core_allcase_plans/case_093_3core.json,
case_094,3,ok,9.496347665786743,94892,32871,2.8867999148185333,reassign_0.1+task_gsa_b0,/mnt/165d5ea0-c4bf-423a-a83b-e5fb727cf65f/lw/A/V10_result/V10_final_2-3-4-5core_allcase_plans/case_094_3core.json,
case_095,3,ok,40.52089214324951,2084853,695775,2.9964471273040854,wcc_active3,/mnt/165d5ea0-c4bf-423a-a83b-e5fb727cf65f/lw/A/V10_result/V10_final_2-3-4-5core_allcase_plans/case_095_3core.json,
case_096,3,ok,18.46601390838623,84194,30996,2.7162859723835333,r1_slackgate_aggressive_160_20,/mnt/165d5ea0-c4bf-423a-a83b-e5fb727cf65f/lw/A/V10_result/V10_final_2-3-4-5core_allcase_plans/case_096_3core.json,
case_097,3,ok,174.52052783966064,11491509,3502708,3.2807499226312897,level_aggressive_96_30,/mnt/165d5ea0-c4bf-423a-a83b-e5fb727cf65f/lw/A/V10_result/V10_final_2-3-4-5core_allcase_plans/case_097_3core.json,
case_098,3,ok,16.34030318260193,177430,81596,2.1744938477376343,level_strong_128_12,/mnt/165d5ea0-c4bf-423a-a83b-e5fb727cf65f/lw/A/V10_result/V10_final_2-3-4-5core_allcase_plans/case_098_3core.json,
case_099,3,ok,278.81829476356506,1622999,536004,3.027960612234237,r4_struct_taskgsa_from_r4_gate025_pack12_reassign_a01+task_gsa_b0,/mnt/165d5ea0-c4bf-423a-a83b-e5fb727cf65f/lw/A/V10_result/V10_final_2-3-4-5core_allcase_plans/case_099_3core.json,
case_100,3,ok,22.08630681037903,151223,57811,2.6158170590372074,wcc_active3,/mnt/165d5ea0-c4bf-423a-a83b-e5fb727cf65f/lw/A/V10_result/V10_final_2-3-4-5core_allcase_plans/case_100_3core.json,
case_001,4,ok,2.346508026123047,233110,58984,3.952088702020887,wcc_active4,/mnt/165d5ea0-c4bf-423a-a83b-e5fb727cf65f/lw/A/V10_result/V10_final_2-3-4-5core_allcase_plans/case_001_4core.json,
case_002,4,ok,18.830608129501343,261945,74231,3.5287817758079507,level_strong_1024_8,/mnt/165d5ea0-c4bf-423a-a83b-e5fb727cf65f/lw/A/V10_result/V10_final_2-3-4-5core_allcase_plans/case_002_4core.json,
case_003,4,ok,478.05621337890625,602212,214613,2.806036912954947,r3_gate025_slackpack_reassign01,/mnt/165d5ea0-c4bf-423a-a83b-e5fb727cf65f/lw/A/V10_result/V10_final_2-3-4-5core_allcase_plans/case_003_4core.json,
case_004,4,ok,3.1231162548065186,392357,104188,3.765855952700887,wcc_active4,/mnt/165d5ea0-c4bf-423a-a83b-e5fb727cf65f/lw/A/V10_result/V10_final_2-3-4-5core_allcase_plans/case_004_4core.json,
case_005,4,ok,81.20354390144348,95618,50485,1.893988313360404,r4_gate025_pack12_reassign_a01,/mnt/165d5ea0-c4bf-423a-a83b-e5fb727cf65f/lw/A/V10_result/V10_final_2-3-4-5core_allcase_plans/case_005_4core.json,
case_006,4,ok,8.14507246017456,82837,23834,3.4755811026264998,r4_gate025_pack12_reassign_a01,/mnt/165d5ea0-c4bf-423a-a83b-e5fb727cf65f/lw/A/V10_result/V10_final_2-3-4-5core_allcase_plans/case_006_4core.json,
case_007,4,ok,27.234747886657715,1012562,254398,3.980227831979811,wcc_active4,/mnt/165d5ea0-c4bf-423a-a83b-e5fb727cf65f/lw/A/V10_result/V10_final_2-3-4-5core_allcase_plans/case_007_4core.json,
case_008,4,ok,3.5878727436065674,487605,123060,3.962335446123842,wcc_active4,/mnt/165d5ea0-c4bf-423a-a83b-e5fb727cf65f/lw/A/V10_result/V10_final_2-3-4-5core_allcase_plans/case_008_4core.json,
case_009,4,ok,144.9164433479309,153261,55640,2.754511143062545,r4_gate025_pack12_reassign_a01,/mnt/165d5ea0-c4bf-423a-a83b-e5fb727cf65f/lw/A/V10_result/V10_final_2-3-4-5core_allcase_plans/case_009_4core.json,
case_010,4,ok,9.111902713775635,86969,26214,3.317654688334478,level_aggressive_160_20,/mnt/165d5ea0-c4bf-423a-a83b-e5fb727cf65f/lw/A/V10_result/V10_final_2-3-4-5core_allcase_plans/case_010_4core.json,
case_011,4,ok,3.995774269104004,184697,46880,3.9397824232081913,wcc_active4,/mnt/165d5ea0-c4bf-423a-a83b-e5fb727cf65f/lw/A/V10_result/V10_final_2-3-4-5core_allcase_plans/case_011_4core.json,
case_012,4,ok,13.617446660995483,59088,17021,3.471476411491687,level_aggressive_160_20,/mnt/165d5ea0-c4bf-423a-a83b-e5fb727cf65f/lw/A/V10_result/V10_final_2-3-4-5core_allcase_plans/case_012_4core.json,
case_013,4,ok,15.426168203353882,263949,66982,3.9405959810098237,wcc_active4,/mnt/165d5ea0-c4bf-423a-a83b-e5fb727cf65f/lw/A/V10_result/V10_final_2-3-4-5core_allcase_plans/case_013_4core.json,
case_014,4,ok,11682.065183877945,17698626,4479067,3.9514090769349957,reassign_0.1,/mnt/165d5ea0-c4bf-423a-a83b-e5fb727cf65f/lw/A/V10_result/V10_final_2-3-4-5core_allcase_plans/case_014_4core.json,
case_015,4,ok,11.82680892944336,177362,47971,3.6972754372433343,r4_struct_edgegsa_from_r4_gate025_pack20_reassign_a0+r1_edgegsa_b0.1,/mnt/165d5ea0-c4bf-423a-a83b-e5fb727cf65f/lw/A/V10_result/V10_final_2-3-4-5core_allcase_plans/case_015_4core.json,
case_016,4,ok,541.2280654907227,7715523,3740482,2.0627082285117266,level_strong_1024_8,/mnt/165d5ea0-c4bf-423a-a83b-e5fb727cf65f/lw/A/V10_result/V10_final_2-3-4-5core_allcase_plans/case_016_4core.json,
case_017,4,ok,17.616140842437744,162810,42257,3.852852781787633,r4_struct_edgegsa_from_r4_gate025_pack20_reassign_a0+r1_edgegsa_b0.1,/mnt/165d5ea0-c4bf-423a-a83b-e5fb727cf65f/lw/A/V10_result/V10_final_2-3-4-5core_allcase_plans/case_017_4core.json,
case_018,4,ok,58.714314222335815,1004367,255266,3.934589800443459,r1_slackpack_aggressive_160_20,/mnt/165d5ea0-c4bf-423a-a83b-e5fb727cf65f/lw/A/V10_result/V10_final_2-3-4-5core_allcase_plans/case_018_4core.json,
case_019,4,ok,6.69110631942749,81144,22095,3.6725050916496946,level_aggressive_160_20,/mnt/165d5ea0-c4bf-423a-a83b-e5fb727cf65f/lw/A/V10_result/V10_final_2-3-4-5core_allcase_plans/case_019_4core.json,
case_020,4,ok,56.528520584106445,532746,133704,3.984518039849219,wcc_active4,/mnt/165d5ea0-c4bf-423a-a83b-e5fb727cf65f/lw/A/V10_result/V10_final_2-3-4-5core_allcase_plans/case_020_4core.json,
case_021,4,ok,45.322200536727905,6567937,1550324,4.236493145948847,wcc_active4,/mnt/165d5ea0-c4bf-423a-a83b-e5fb727cf65f/lw/A/V10_result/V10_final_2-3-4-5core_allcase_plans/case_021_4core.json,
case_022,4,ok,15.42297649383545,56780,14654,3.874709976798144,wcc_active4,/mnt/165d5ea0-c4bf-423a-a83b-e5fb727cf65f/lw/A/V10_result/V10_final_2-3-4-5core_allcase_plans/case_022_4core.json,
case_023,4,ok,9.531047821044922,122614,30712,3.9923808283407136,r4_struct_edgegsa_from_r4_gate025_pack12_reassign_a01+r1_edgegsa_b0,/mnt/165d5ea0-c4bf-423a-a83b-e5fb727cf65f/lw/A/V10_result/V10_final_2-3-4-5core_allcase_plans/case_023_4core.json,
case_024,4,ok,81.4718120098114,2555343,1239238,2.062027633110024,level_strong_1024_8,/mnt/165d5ea0-c4bf-423a-a83b-e5fb727cf65f/lw/A/V10_result/V10_final_2-3-4-5core_allcase_plans/case_024_4core.json,
case_025,4,ok,427.44430017471313,4863026,1217444,3.9944555971362954,wcc_active4,/mnt/165d5ea0-c4bf-423a-a83b-e5fb727cf65f/lw/A/V10_result/V10_final_2-3-4-5core_allcase_plans/case_025_4core.json,
case_026,4,ok,7.318511486053467,99203,41655,2.3815388308726444,wcc_active3,/mnt/165d5ea0-c4bf-423a-a83b-e5fb727cf65f/lw/A/V10_result/V10_final_2-3-4-5core_allcase_plans/case_026_4core.json,
case_027,4,ok,8.137011051177979,2363952,559196,4.227412213249022,wcc_active4,/mnt/165d5ea0-c4bf-423a-a83b-e5fb727cf65f/lw/A/V10_result/V10_final_2-3-4-5core_allcase_plans/case_027_4core.json,
case_028,4,ok,764.867317199707,43836040,10281930,4.263405800272906,level_strong_1024_8,/mnt/165d5ea0-c4bf-423a-a83b-e5fb727cf65f/lw/A/V10_result/V10_final_2-3-4-5core_allcase_plans/case_028_4core.json,
case_029,4,ok,9.226173877716064,37555,11028,3.405422560754443,wcc_active4,/mnt/165d5ea0-c4bf-423a-a83b-e5fb727cf65f/lw/A/V10_result/V10_final_2-3-4-5core_allcase_plans/case_029_4core.json,
case_030,4,ok,313.2742245197296,2808034,697930,4.023374837018039,r4_gate025_pack12_reassign_a01,/mnt/165d5ea0-c4bf-423a-a83b-e5fb727cf65f/lw/A/V10_result/V10_final_2-3-4-5core_allcase_plans/case_030_4core.json,
case_031,4,ok,205.29375195503235,1414369,358136,3.9492511224786115,r4_gate025_pack30_reassign_a01,/mnt/165d5ea0-c4bf-423a-a83b-e5fb727cf65f/lw/A/V10_result/V10_final_2-3-4-5core_allcase_plans/case_031_4core.json,
case_032,4,ok,10.212263822555542,41443,11615,3.5680585449849334,r4_struct_edgegsa_from_r4_gate025_pack12_reassign_a01+r1_edgegsa_b0,/mnt/165d5ea0-c4bf-423a-a83b-e5fb727cf65f/lw/A/V10_result/V10_final_2-3-4-5core_allcase_plans/case_032_4core.json,
case_033,4,ok,80.49960660934448,1774196,439819,4.0339230456164925,r4_gate025_pack12_reassign_a01,/mnt/165d5ea0-c4bf-423a-a83b-e5fb727cf65f/lw/A/V10_result/V10_final_2-3-4-5core_allcase_plans/case_033_4core.json,
case_034,4,ok,79.61550426483154,842996,204740,4.117397675100127,reassign_0.1,/mnt/165d5ea0-c4bf-423a-a83b-e5fb727cf65f/lw/A/V10_result/V10_final_2-3-4-5core_allcase_plans/case_034_4core.json,
case_035,4,ok,68.70329213142395,169571,58512,2.898055099808586,reassign_2,/mnt/165d5ea0-c4bf-423a-a83b-e5fb727cf65f/lw/A/V10_result/V10_final_2-3-4-5core_allcase_plans/case_035_4core.json,
case_036,4,ok,15.037432193756104,931510,233584,3.987901568600589,wcc_active4,/mnt/165d5ea0-c4bf-423a-a83b-e5fb727cf65f/lw/A/V10_result/V10_final_2-3-4-5core_allcase_plans/case_036_4core.json,
case_037,4,ok,5.362372159957886,210001,53320,3.938503375843961,wcc_active4,/mnt/165d5ea0-c4bf-423a-a83b-e5fb727cf65f/lw/A/V10_result/V10_final_2-3-4-5core_allcase_plans/case_037_4core.json,
case_038,4,ok,237.57691311836243,1364555,338764,4.028040169557568,r4_struct_edgegsa_from_r4_gate025_pack12_reassign_a01+r1_edgegsa_b0.1,/mnt/165d5ea0-c4bf-423a-a83b-e5fb727cf65f/lw/A/V10_result/V10_final_2-3-4-5core_allcase_plans/case_038_4core.json,
case_039,4,ok,181.56264090538025,1435262,393709,3.645489435090384,clusterphase_aggressive_96_0.1,/mnt/165d5ea0-c4bf-423a-a83b-e5fb727cf65f/lw/A/V10_result/V10_final_2-3-4-5core_allcase_plans/case_039_4core.json,
case_040,4,ok,50.38834571838379,253454,86578,2.9274642518884706,reassign_0.1,/mnt/165d5ea0-c4bf-423a-a83b-e5fb727cf65f/lw/A/V10_result/V10_final_2-3-4-5core_allcase_plans/case_040_4core.json,
case_041,4,ok,1336.682694196701,6003957,1484770,4.04369498306135,level_aggressive_160_20,/mnt/165d5ea0-c4bf-423a-a83b-e5fb727cf65f/lw/A/V10_result/V10_final_2-3-4-5core_allcase_plans/case_041_4core.json,
case_042,4,ok,164.99830555915833,1686740,420976,4.0067367260841475,r4_struct_edgegsa_from_r4_gate025_pack12_reassign_a01+r1_edgegsa_b0.1,/mnt/165d5ea0-c4bf-423a-a83b-e5fb727cf65f/lw/A/V10_result/V10_final_2-3-4-5core_allcase_plans/case_042_4core.json,
case_043,4,ok,272.952721118927,677656,197332,3.434090770883587,r4_gate025_pack12_reassign_a01,/mnt/165d5ea0-c4bf-423a-a83b-e5fb727cf65f/lw/A/V10_result/V10_final_2-3-4-5core_allcase_plans/case_043_4core.json,
case_044,4,ok,21.89534330368042,154407,66569,2.319503072000481,v7_active3_strong96+task_sa_b0.02,/mnt/165d5ea0-c4bf-423a-a83b-e5fb727cf65f/lw/A/V10_result/V10_final_2-3-4-5core_allcase_plans/case_044_4core.json,
case_045,4,ok,8.169713497161865,125614,31878,3.940460505677897,wcc_active4,/mnt/165d5ea0-c4bf-423a-a83b-e5fb727cf65f/lw/A/V10_result/V10_final_2-3-4-5core_allcase_plans/case_045_4core.json,
case_046,4,ok,14.848579406738281,276455,111360,2.4825341235632186,v7_active3_strong96+task_sa_b0.1,/mnt/165d5ea0-c4bf-423a-a83b-e5fb727cf65f/lw/A/V10_result/V10_final_2-3-4-5core_allcase_plans/case_046_4core.json,
case_047,4,ok,541.5615622997284,326508,148474,2.1990920969327963,r2_gate025_plus_slackpack_aggressive_160_20,/mnt/165d5ea0-c4bf-423a-a83b-e5fb727cf65f/lw/A/V10_result/V10_final_2-3-4-5core_allcase_plans/case_047_4core.json,
case_048,4,ok,22.098426580429077,222220,110817,2.0052879973289297,level_aggressive_160_20,/mnt/165d5ea0-c4bf-423a-a83b-e5fb727cf65f/lw/A/V10_result/V10_final_2-3-4-5core_allcase_plans/case_048_4core.json,
case_049,4,ok,78.0226538181305,196276,63378,3.0969105998927073,r4_gate025_pack20_reassign_a1,/mnt/165d5ea0-c4bf-423a-a83b-e5fb727cf65f/lw/A/V10_result/V10_final_2-3-4-5core_allcase_plans/case_049_4core.json,
case_050,4,ok,87.95978713035583,149690,49266,3.038403767304023,r4_gate025_pack12_reassign_a01,/mnt/165d5ea0-c4bf-423a-a83b-e5fb727cf65f/lw/A/V10_result/V10_final_2-3-4-5core_allcase_plans/case_050_4core.json,
case_051,4,ok,11.841514587402344,607628,295141,2.0587719090197565,level_strong_1024_8,/mnt/165d5ea0-c4bf-423a-a83b-e5fb727cf65f/lw/A/V10_result/V10_final_2-3-4-5core_allcase_plans/case_051_4core.json,
case_052,4,ok,13.428518056869507,180301,47097,3.828290549291887,r4_struct_edgegsa_from_r4_gate025_pack12_reassign_a01+r1_edgegsa_b0.1,/mnt/165d5ea0-c4bf-423a-a83b-e5fb727cf65f/lw/A/V10_result/V10_final_2-3-4-5core_allcase_plans/case_052_4core.json,
case_053,4,ok,394.0715832710266,1472686,436065,3.377216699345281,r2_gate025_plus_slackpack_aggressive_160_20,/mnt/165d5ea0-c4bf-423a-a83b-e5fb727cf65f/lw/A/V10_result/V10_final_2-3-4-5core_allcase_plans/case_053_4core.json,
case_054,4,ok,678.202853679657,815051,276231,2.950613797872071,r2_gate025_plus_reassign_0.1,/mnt/165d5ea0-c4bf-423a-a83b-e5fb727cf65f/lw/A/V10_result/V10_final_2-3-4-5core_allcase_plans/case_054_4core.json,
case_055,4,ok,13.829752445220947,118835,30210,3.9336312479311486,r4_struct_edgegsa_from_r4_gate025_pack12_reassign_a01+r1_edgegsa_b0,/mnt/165d5ea0-c4bf-423a-a83b-e5fb727cf65f/lw/A/V10_result/V10_final_2-3-4-5core_allcase_plans/case_055_4core.json,
case_056,4,ok,184.13828444480896,277285,90375,3.0681604426002766,reassign_0.1,/mnt/165d5ea0-c4bf-423a-a83b-e5fb727cf65f/lw/A/V10_result/V10_final_2-3-4-5core_allcase_plans/case_056_4core.json,
case_057,4,ok,10.80008840560913,59726,16971,3.5192976253609096,r2_gate025_plus_reassign_slackprio_0.1,/mnt/165d5ea0-c4bf-423a-a83b-e5fb727cf65f/lw/A/V10_result/V10_final_2-3-4-5core_allcase_plans/case_057_4core.json,
case_058,4,ok,894.3667087554932,4539717,1154519,3.9321284448328697,wcc_active4,/mnt/165d5ea0-c4bf-423a-a83b-e5fb727cf65f/lw/A/V10_result/V10_final_2-3-4-5core_allcase_plans/case_058_4core.json,
case_059,4,ok,18.47473645210266,829473,185216,4.478408992743607,wcc_active4,/mnt/165d5ea0-c4bf-423a-a83b-e5fb727cf65f/lw/A/V10_result/V10_final_2-3-4-5core_allcase_plans/case_059_4core.json,
case_060,4,ok,155.9432532787323,888789,206693,4.300044026648218,r2_gate025_plus_slackpack_aggressive_160_20,/mnt/165d5ea0-c4bf-423a-a83b-e5fb727cf65f/lw/A/V10_result/V10_final_2-3-4-5core_allcase_plans/case_060_4core.json,
case_061,4,ok,16.917853593826294,77191,23025,3.352486427795874,level_aggressive_160_20,/mnt/165d5ea0-c4bf-423a-a83b-e5fb727cf65f/lw/A/V10_result/V10_final_2-3-4-5core_allcase_plans/case_061_4core.json,
case_062,4,ok,676.0369529724121,2854809,729629,3.91268576221614,reassign_0.1,/mnt/165d5ea0-c4bf-423a-a83b-e5fb727cf65f/lw/A/V10_result/V10_final_2-3-4-5core_allcase_plans/case_062_4core.json,
case_063,4,ok,115.95698666572571,1070397,279285,3.8326333315430476,reassign_0.1,/mnt/165d5ea0-c4bf-423a-a83b-e5fb727cf65f/lw/A/V10_result/V10_final_2-3-4-5core_allcase_plans/case_063_4core.json,
case_064,4,ok,22.20312523841858,19116,10244,1.866067942210074,v7_micro64_b40+task_sa_b0.5+task_gsa_b0.02,/mnt/165d5ea0-c4bf-423a-a83b-e5fb727cf65f/lw/A/V10_result/V10_final_2-3-4-5core_allcase_plans/case_064_4core.json,
case_065,4,ok,6.624298572540283,53068,14339,3.7009554362228885,r4_struct_edgegsa_from_r4_gate025_pack12_reassign_a01+r1_edgegsa_b0,/mnt/165d5ea0-c4bf-423a-a83b-e5fb727cf65f/lw/A/V10_result/V10_final_2-3-4-5core_allcase_plans/case_065_4core.json,
case_066,4,ok,142.9324598312378,359070,107789,3.331230459508855,r4_gate025_pack12_reassign_a01,/mnt/165d5ea0-c4bf-423a-a83b-e5fb727cf65f/lw/A/V10_result/V10_final_2-3-4-5core_allcase_plans/case_066_4core.json,
case_067,4,ok,154.81120085716248,63834834,16508498,3.8667863060588554,reassign_0.1,/mnt/165d5ea0-c4bf-423a-a83b-e5fb727cf65f/lw/A/V10_result/V10_final_2-3-4-5core_allcase_plans/case_067_4core.json,
case_068,4,ok,124.37956070899963,362095,126293,2.867102689776947,r2_gate025_plus_slackpack_aggressive_160_20,/mnt/165d5ea0-c4bf-423a-a83b-e5fb727cf65f/lw/A/V10_result/V10_final_2-3-4-5core_allcase_plans/case_068_4core.json,
case_069,4,ok,27.82732319831848,25144,12167,2.0665735185337386,r4_struct_edgegsa_from_r4_gate025_pack12_reassign_a01+r1_edgegsa_b0.1,/mnt/165d5ea0-c4bf-423a-a83b-e5fb727cf65f/lw/A/V10_result/V10_final_2-3-4-5core_allcase_plans/case_069_4core.json,
case_070,4,ok,13.601324796676636,117300,32737,3.5831016892201486,r4_struct_edgegsa_from_r4_gate025_pack20_reassign_a0+r1_edgegsa_b0.1,/mnt/165d5ea0-c4bf-423a-a83b-e5fb727cf65f/lw/A/V10_result/V10_final_2-3-4-5core_allcase_plans/case_070_4core.json,
case_071,4,ok,17.6451199054718,18919,9293,2.0358334230065642,reassign_0.1+task_sa_b0.1,/mnt/165d5ea0-c4bf-423a-a83b-e5fb727cf65f/lw/A/V10_result/V10_final_2-3-4-5core_allcase_plans/case_071_4core.json,
case_072,4,ok,5148.431862592697,23897828,5888396,4.058461421412554,reassign_1,/mnt/165d5ea0-c4bf-423a-a83b-e5fb727cf65f/lw/A/V10_result/V10_final_2-3-4-5core_allcase_plans/case_072_4core.json,
case_073,4,ok,65.09871888160706,10081626,3358195,3.002096662046129,reassign_0.1,/mnt/165d5ea0-c4bf-423a-a83b-e5fb727cf65f/lw/A/V10_result/V10_final_2-3-4-5core_allcase_plans/case_073_4core.json,
case_074,4,ok,83.64912939071655,1682239,411112,4.091923855299773,r4_gate025_pack12_reassign_a01,/mnt/165d5ea0-c4bf-423a-a83b-e5fb727cf65f/lw/A/V10_result/V10_final_2-3-4-5core_allcase_plans/case_074_4core.json,
case_075,4,ok,187.25084900856018,1441809,461419,3.1247282838374666,r2_gate025_plus_reassign_0.1,/mnt/165d5ea0-c4bf-423a-a83b-e5fb727cf65f/lw/A/V10_result/V10_final_2-3-4-5core_allcase_plans/case_075_4core.json,
case_076,4,ok,7652.736932516098,6185113,1525277,4.055075242070784,reassign_0.1,/mnt/165d5ea0-c4bf-423a-a83b-e5fb727cf65f/lw/A/V10_result/V10_final_2-3-4-5core_allcase_plans/case_076_4core.json,
case_077,4,ok,94.42415642738342,495320,133324,3.7151600612042843,r4_gate025_pack20_reassign_a1,/mnt/165d5ea0-c4bf-423a-a83b-e5fb727cf65f/lw/A/V10_result/V10_final_2-3-4-5core_allcase_plans/case_077_4core.json,
case_078,4,ok,5.127179861068726,2296143,619540,3.706206217516222,level_aggressive_160_20,/mnt/165d5ea0-c4bf-423a-a83b-e5fb727cf65f/lw/A/V10_result/V10_final_2-3-4-5core_allcase_plans/case_078_4core.json,
case_079,4,ok,672.2719106674194,31052251,7362600,4.217565941379404,reassign_0.1,/mnt/165d5ea0-c4bf-423a-a83b-e5fb727cf65f/lw/A/V10_result/V10_final_2-3-4-5core_allcase_plans/case_079_4core.json,
case_080,4,ok,13.073079824447632,292138,100325,2.9119162721156244,wcc_active3,/mnt/165d5ea0-c4bf-423a-a83b-e5fb727cf65f/lw/A/V10_result/V10_final_2-3-4-5core_allcase_plans/case_080_4core.json,
case_081,4,ok,35.04072141647339,151795,39588,3.834369000707285,wcc_active4,/mnt/165d5ea0-c4bf-423a-a83b-e5fb727cf65f/lw/A/V10_result/V10_final_2-3-4-5core_allcase_plans/case_081_4core.json,
case_082,4,ok,77.99217867851257,721041,242274,2.9761385868892245,r4_gate025_pack20_reassign_a3,/mnt/165d5ea0-c4bf-423a-a83b-e5fb727cf65f/lw/A/V10_result/V10_final_2-3-4-5core_allcase_plans/case_082_4core.json,
case_083,4,ok,37.519991874694824,1057993,308023,3.4347857140538207,level_strong_1024_8,/mnt/165d5ea0-c4bf-423a-a83b-e5fb727cf65f/lw/A/V10_result/V10_final_2-3-4-5core_allcase_plans/case_083_4core.json,
case_084,4,ok,124.74467706680298,2507412,629028,3.986169137144928,wcc_active4,/mnt/165d5ea0-c4bf-423a-a83b-e5fb727cf65f/lw/A/V10_result/V10_final_2-3-4-5core_allcase_plans/case_084_4core.json,
case_085,4,ok,953.1350350379944,3187899,1046072,3.0474948187122877,level_aggressive_96_30,/mnt/165d5ea0-c4bf-423a-a83b-e5fb727cf65f/lw/A/V10_result/V10_final_2-3-4-5core_allcase_plans/case_085_4core.json,
case_086,4,ok,110.92862510681152,118403,66466,1.7814070351758795,level_aggressive_160_20,/mnt/165d5ea0-c4bf-423a-a83b-e5fb727cf65f/lw/A/V10_result/V10_final_2-3-4-5core_allcase_plans/case_086_4core.json,
case_087,4,ok,1969.2489428520203,3974071,1069661,3.715262125103187,wcc_active4,/mnt/165d5ea0-c4bf-423a-a83b-e5fb727cf65f/lw/A/V10_result/V10_final_2-3-4-5core_allcase_plans/case_087_4core.json,
case_088,4,ok,63.14100241661072,243623,83846,2.905600744221549,r1_slackgate_aggressive_160_20,/mnt/165d5ea0-c4bf-423a-a83b-e5fb727cf65f/lw/A/V10_result/V10_final_2-3-4-5core_allcase_plans/case_088_4core.json,
case_089,4,ok,34.34186887741089,693092,178160,3.8902784014369107,wcc_active4,/mnt/165d5ea0-c4bf-423a-a83b-e5fb727cf65f/lw/A/V10_result/V10_final_2-3-4-5core_allcase_plans/case_089_4core.json,
case_090,4,ok,16.143342971801758,1178363,396391,2.972728946923618,v7_active3_strong96,/mnt/165d5ea0-c4bf-423a-a83b-e5fb727cf65f/lw/A/V10_result/V10_final_2-3-4-5core_allcase_plans/case_090_4core.json,
case_091,4,ok,9858.411011219025,9186769,2297253,3.9990236164671455,r4_struct_edgegsa_from_r4_gate025_pack12_reassign_a01+r1_edgegsa_b0.1,/mnt/165d5ea0-c4bf-423a-a83b-e5fb727cf65f/lw/A/V10_result/V10_final_2-3-4-5core_allcase_plans/case_091_4core.json,
case_092,4,ok,441.986261844635,4815554,1112442,4.328813547133244,level_strong_1024_8,/mnt/165d5ea0-c4bf-423a-a83b-e5fb727cf65f/lw/A/V10_result/V10_final_2-3-4-5core_allcase_plans/case_092_4core.json,
case_093,4,ok,3.6368632316589355,74205,19779,3.751706355225239,wcc_active4,/mnt/165d5ea0-c4bf-423a-a83b-e5fb727cf65f/lw/A/V10_result/V10_final_2-3-4-5core_allcase_plans/case_093_4core.json,
case_094,4,ok,7.442623138427734,94892,26119,3.6330640529882463,level_strong_128_12,/mnt/165d5ea0-c4bf-423a-a83b-e5fb727cf65f/lw/A/V10_result/V10_final_2-3-4-5core_allcase_plans/case_094_4core.json,
case_095,4,ok,30.204232454299927,2084853,524422,3.9755254356224565,wcc_active4,/mnt/165d5ea0-c4bf-423a-a83b-e5fb727cf65f/lw/A/V10_result/V10_final_2-3-4-5core_allcase_plans/case_095_4core.json,
case_096,4,ok,19.563706398010254,84194,26984,3.120145271271865,wcc_active4,/mnt/165d5ea0-c4bf-423a-a83b-e5fb727cf65f/lw/A/V10_result/V10_final_2-3-4-5core_allcase_plans/case_096_4core.json,
case_097,4,ok,99.61938333511353,11491509,2581820,4.4509334500468665,r4_gate025_pack12_reassign_a01,/mnt/165d5ea0-c4bf-423a-a83b-e5fb727cf65f/lw/A/V10_result/V10_final_2-3-4-5core_allcase_plans/case_097_4core.json,
case_098,4,ok,19.26312565803528,177430,68196,2.6017654994427826,reassign_0.1,/mnt/165d5ea0-c4bf-423a-a83b-e5fb727cf65f/lw/A/V10_result/V10_final_2-3-4-5core_allcase_plans/case_098_4core.json,
case_099,4,ok,251.91914653778076,1622999,404906,4.008335267938731,r4_struct_edgegsa_from_r4_gate025_pack12_reassign_a01+r1_edgegsa_b0.1,/mnt/165d5ea0-c4bf-423a-a83b-e5fb727cf65f/lw/A/V10_result/V10_final_2-3-4-5core_allcase_plans/case_099_4core.json,
case_100,4,ok,21.570239543914795,151223,56167,2.6923816475866613,r1_reassign_slackprio_0.1,/mnt/165d5ea0-c4bf-423a-a83b-e5fb727cf65f/lw/A/V10_result/V10_final_2-3-4-5core_allcase_plans/case_100_4core.json,
case_001,5,ok,1.518005132675171,233110,47502,4.9073723211654245,wcc_active5,/mnt/165d5ea0-c4bf-423a-a83b-e5fb727cf65f/lw/A/V10_result/V10_final_2-3-4-5core_allcase_plans/case_001_5core.json,
case_002,5,ok,18.66664433479309,261945,60598,4.322667414766164,level_strong_256_10,/mnt/165d5ea0-c4bf-423a-a83b-e5fb727cf65f/lw/A/V10_result/V10_final_2-3-4-5core_allcase_plans/case_002_5core.json,
case_003,5,ok,504.98901867866516,602212,186695,3.225646107287287,r4_gate025_pack20_reassign_a3,/mnt/165d5ea0-c4bf-423a-a83b-e5fb727cf65f/lw/A/V10_result/V10_final_2-3-4-5core_allcase_plans/case_003_5core.json,
case_004,5,ok,3.493086814880371,392357,88341,4.441391879195391,wcc_active5,/mnt/165d5ea0-c4bf-423a-a83b-e5fb727cf65f/lw/A/V10_result/V10_final_2-3-4-5core_allcase_plans/case_004_5core.json,
case_005,5,ok,82.78480887413025,95618,51076,1.8720729892708905,r4_gate025_pack12_reassign_a01,/mnt/165d5ea0-c4bf-423a-a83b-e5fb727cf65f/lw/A/V10_result/V10_final_2-3-4-5core_allcase_plans/case_005_5core.json,
case_006,5,ok,8.787109136581421,82837,24019,3.448811357675174,r4_struct_edgegsa_from_r4_gate025_pack12_reassign_a01+r1_edgegsa_b0.1,/mnt/165d5ea0-c4bf-423a-a83b-e5fb727cf65f/lw/A/V10_result/V10_final_2-3-4-5core_allcase_plans/case_006_5core.json,
case_007,5,ok,21.633289337158203,1012562,203834,4.967581463347626,wcc_active5,/mnt/165d5ea0-c4bf-423a-a83b-e5fb727cf65f/lw/A/V10_result/V10_final_2-3-4-5core_allcase_plans/case_007_5core.json,
case_008,5,ok,2.6097798347473145,487605,100603,4.846823653370178,wcc_active5,/mnt/165d5ea0-c4bf-423a-a83b-e5fb727cf65f/lw/A/V10_result/V10_final_2-3-4-5core_allcase_plans/case_008_5core.json,
case_009,5,ok,151.07308793067932,153261,48343,3.170283184742362,r4_gate025_pack12_reassign_a01,/mnt/165d5ea0-c4bf-423a-a83b-e5fb727cf65f/lw/A/V10_result/V10_final_2-3-4-5core_allcase_plans/case_009_5core.json,
case_010,5,ok,8.940056324005127,86969,24978,3.4818240051245097,r1_slackpack_strong_256_10,/mnt/165d5ea0-c4bf-423a-a83b-e5fb727cf65f/lw/A/V10_result/V10_final_2-3-4-5core_allcase_plans/case_010_5core.json,
case_011,5,ok,5.025820732116699,184697,43913,4.205975451460843,level_strong_1024_8,/mnt/165d5ea0-c4bf-423a-a83b-e5fb727cf65f/lw/A/V10_result/V10_final_2-3-4-5core_allcase_plans/case_011_5core.json,
case_012,5,ok,10.11608624458313,59088,14300,4.132027972027972,wcc_active5,/mnt/165d5ea0-c4bf-423a-a83b-e5fb727cf65f/lw/A/V10_result/V10_final_2-3-4-5core_allcase_plans/case_012_5core.json,
case_013,5,ok,13.577987670898438,263949,54363,4.855305998565201,wcc_active5,/mnt/165d5ea0-c4bf-423a-a83b-e5fb727cf65f/lw/A/V10_result/V10_final_2-3-4-5core_allcase_plans/case_013_5core.json,
case_014,5,ok,10619.726649284363,17698626,3625533,4.881661813587133,v7_micro64_b40,/mnt/165d5ea0-c4bf-423a-a83b-e5fb727cf65f/lw/A/V10_result/V10_final_2-3-4-5core_allcase_plans/case_014_5core.json,
case_015,5,ok,9.85160231590271,177362,42141,4.20877530196246,level_aggressive_160_20,/mnt/165d5ea0-c4bf-423a-a83b-e5fb727cf65f/lw/A/V10_result/V10_final_2-3-4-5core_allcase_plans/case_015_5core.json,
case_016,5,ok,574.3025524616241,7715523,3293532,2.3426288252247134,reassign_0.1,/mnt/165d5ea0-c4bf-423a-a83b-e5fb727cf65f/lw/A/V10_result/V10_final_2-3-4-5core_allcase_plans/case_016_5core.json,
case_017,5,ok,14.661369323730469,162810,35496,4.586713995943205,wcc_active5,/mnt/165d5ea0-c4bf-423a-a83b-e5fb727cf65f/lw/A/V10_result/V10_final_2-3-4-5core_allcase_plans/case_017_5core.json,
case_018,5,ok,47.823063135147095,1004367,202471,4.960547436422994,r1_slackpack_aggressive_160_20,/mnt/165d5ea0-c4bf-423a-a83b-e5fb727cf65f/lw/A/V10_result/V10_final_2-3-4-5core_allcase_plans/case_018_5core.json,
case_019,5,ok,4.83013391494751,81144,19307,4.202827989848242,level_aggressive_160_20,/mnt/165d5ea0-c4bf-423a-a83b-e5fb727cf65f/lw/A/V10_result/V10_final_2-3-4-5core_allcase_plans/case_019_5core.json,
case_020,5,ok,51.42071557044983,532746,107650,4.948871342313051,wcc_active5,/mnt/165d5ea0-c4bf-423a-a83b-e5fb727cf65f/lw/A/V10_result/V10_final_2-3-4-5core_allcase_plans/case_020_5core.json,
case_021,5,ok,53.736443758010864,6567937,1245210,5.274561720513006,clusterphase_strong_128_0.1,/mnt/165d5ea0-c4bf-423a-a83b-e5fb727cf65f/lw/A/V10_result/V10_final_2-3-4-5core_allcase_plans/case_021_5core.json,
case_022,5,ok,13.91739010810852,56780,11828,4.800473452823808,wcc_active5,/mnt/165d5ea0-c4bf-423a-a83b-e5fb727cf65f/lw/A/V10_result/V10_final_2-3-4-5core_allcase_plans/case_022_5core.json,
case_023,5,ok,8.831377983093262,122614,25191,4.867373268230717,wcc_active5,/mnt/165d5ea0-c4bf-423a-a83b-e5fb727cf65f/lw/A/V10_result/V10_final_2-3-4-5core_allcase_plans/case_023_5core.json,
case_024,5,ok,83.70126533508301,2555343,1091250,2.3416659793814434,reassign_0.1,/mnt/165d5ea0-c4bf-423a-a83b-e5fb727cf65f/lw/A/V10_result/V10_final_2-3-4-5core_allcase_plans/case_024_5core.json,
case_025,5,ok,418.84723377227783,4863026,975282,4.986276789687495,wcc_active5,/mnt/165d5ea0-c4bf-423a-a83b-e5fb727cf65f/lw/A/V10_result/V10_final_2-3-4-5core_allcase_plans/case_025_5core.json,
case_026,5,ok,7.674086570739746,99203,41655,2.3815388308726444,wcc_active3,/mnt/165d5ea0-c4bf-423a-a83b-e5fb727cf65f/lw/A/V10_result/V10_final_2-3-4-5core_allcase_plans/case_026_5core.json,
case_027,5,ok,9.492645740509033,2363952,482057,4.903884810302516,v7_micro64_b40,/mnt/165d5ea0-c4bf-423a-a83b-e5fb727cf65f/lw/A/V10_result/V10_final_2-3-4-5core_allcase_plans/case_027_5core.json,
case_028,5,ok,633.7878377437592,43836040,8277390,5.295877082027064,level_strong_256_10,/mnt/165d5ea0-c4bf-423a-a83b-e5fb727cf65f/lw/A/V10_result/V10_final_2-3-4-5core_allcase_plans/case_028_5core.json,
case_029,5,ok,9.09778118133545,37555,9383,4.002451241607162,wcc_active5,/mnt/165d5ea0-c4bf-423a-a83b-e5fb727cf65f/lw/A/V10_result/V10_final_2-3-4-5core_allcase_plans/case_029_5core.json,
case_030,5,ok,399.1199793815613,2808034,560441,5.0104007379902615,level_strong_256_10,/mnt/165d5ea0-c4bf-423a-a83b-e5fb727cf65f/lw/A/V10_result/V10_final_2-3-4-5core_allcase_plans/case_030_5core.json,
case_031,5,ok,230.65429782867432,1414369,289756,4.881241458330457,r4_gate025_pack20_reassign_a3,/mnt/165d5ea0-c4bf-423a-a83b-e5fb727cf65f/lw/A/V10_result/V10_final_2-3-4-5core_allcase_plans/case_031_5core.json,
case_032,5,ok,8.756057024002075,41443,10272,4.034559968847352,level_aggressive_160_20,/mnt/165d5ea0-c4bf-423a-a83b-e5fb727cf65f/lw/A/V10_result/V10_final_2-3-4-5core_allcase_plans/case_032_5core.json,
case_033,5,ok,82.28903317451477,1774196,358153,4.953737648435166,r1_slackpack_aggressive_160_20,/mnt/165d5ea0-c4bf-423a-a83b-e5fb727cf65f/lw/A/V10_result/V10_final_2-3-4-5core_allcase_plans/case_033_5core.json,
case_034,5,ok,90.05826377868652,842996,169511,4.973104990236622,r4_gate025_pack30_reassign_a01,/mnt/165d5ea0-c4bf-423a-a83b-e5fb727cf65f/lw/A/V10_result/V10_final_2-3-4-5core_allcase_plans/case_034_5core.json,
case_035,5,ok,69.61881279945374,169571,50347,3.368045762408882,r2_heft_slackprio_g025_aggressive_160_20,/mnt/165d5ea0-c4bf-423a-a83b-e5fb727cf65f/lw/A/V10_result/V10_final_2-3-4-5core_allcase_plans/case_035_5core.json,
case_036,5,ok,10.256114959716797,931510,187182,4.976493466252097,wcc_active5,/mnt/165d5ea0-c4bf-423a-a83b-e5fb727cf65f/lw/A/V10_result/V10_final_2-3-4-5core_allcase_plans/case_036_5core.json,
case_037,5,ok,4.486536026000977,210001,43800,4.794543378995434,wcc_active5,/mnt/165d5ea0-c4bf-423a-a83b-e5fb727cf65f/lw/A/V10_result/V10_final_2-3-4-5core_allcase_plans/case_037_5core.json,
case_038,5,ok,211.03975534439087,1364555,280919,4.857467811006019,wcc_active5,/mnt/165d5ea0-c4bf-423a-a83b-e5fb727cf65f/lw/A/V10_result/V10_final_2-3-4-5core_allcase_plans/case_038_5core.json,
case_039,5,ok,178.2717089653015,1435262,395323,3.6306058590064327,wcc_active4,/mnt/165d5ea0-c4bf-423a-a83b-e5fb727cf65f/lw/A/V10_result/V10_final_2-3-4-5core_allcase_plans/case_039_5core.json,
case_040,5,ok,51.88489389419556,253454,79585,3.1846956084689326,r4_gate025_pack20_reassign_a1,/mnt/165d5ea0-c4bf-423a-a83b-e5fb727cf65f/lw/A/V10_result/V10_final_2-3-4-5core_allcase_plans/case_040_5core.json,
case_041,5,ok,1578.5208117961884,6003957,1189466,5.047607077461651,r1_reassign_slackprio_0.1,/mnt/165d5ea0-c4bf-423a-a83b-e5fb727cf65f/lw/A/V10_result/V10_final_2-3-4-5core_allcase_plans/case_041_5core.json,
case_042,5,ok,137.1558403968811,1686740,347432,4.854878076861084,r3_gate025_slackpack_reassign01,/mnt/165d5ea0-c4bf-423a-a83b-e5fb727cf65f/lw/A/V10_result/V10_final_2-3-4-5core_allcase_plans/case_042_5core.json,
case_043,5,ok,287.46965742111206,677656,175465,3.8620579602769785,r2_gate025_plus_reassign_0.1,/mnt/165d5ea0-c4bf-423a-a83b-e5fb727cf65f/lw/A/V10_result/V10_final_2-3-4-5core_allcase_plans/case_043_5core.json,
case_044,5,ok,22.782392978668213,154407,67155,2.2992628992628994,v7_active3_strong96+task_sa_b0,/mnt/165d5ea0-c4bf-423a-a83b-e5fb727cf65f/lw/A/V10_result/V10_final_2-3-4-5core_allcase_plans/case_044_5core.json,
case_045,5,ok,7.528676271438599,125614,26164,4.801024308209754,wcc_active5,/mnt/165d5ea0-c4bf-423a-a83b-e5fb727cf65f/lw/A/V10_result/V10_final_2-3-4-5core_allcase_plans/case_045_5core.json,
case_046,5,ok,16.21678400039673,276455,113635,2.432833193998328,v7_active3_strong96+task_sa_b0.5+task_gsa_b0.02,/mnt/165d5ea0-c4bf-423a-a83b-e5fb727cf65f/lw/A/V10_result/V10_final_2-3-4-5core_allcase_plans/case_046_5core.json,
case_047,5,ok,544.8919589519501,326508,127261,2.5656564069117795,r4_gate025_pack20_reassign_a1,/mnt/165d5ea0-c4bf-423a-a83b-e5fb727cf65f/lw/A/V10_result/V10_final_2-3-4-5core_allcase_plans/case_047_5core.json,
case_048,5,ok,22.280678749084473,222220,110850,2.0046910239061795,level_aggressive_160_20,/mnt/165d5ea0-c4bf-423a-a83b-e5fb727cf65f/lw/A/V10_result/V10_final_2-3-4-5core_allcase_plans/case_048_5core.json,
case_049,5,ok,83.36554026603699,196276,53152,3.692730282962071,r4_gate025_pack20_reassign_a1,/mnt/165d5ea0-c4bf-423a-a83b-e5fb727cf65f/lw/A/V10_result/V10_final_2-3-4-5core_allcase_plans/case_049_5core.json,
case_050,5,ok,90.93630981445312,149690,42797,3.4976750706825244,r4_gate025_pack12_reassign_a01,/mnt/165d5ea0-c4bf-423a-a83b-e5fb727cf65f/lw/A/V10_result/V10_final_2-3-4-5core_allcase_plans/case_050_5core.json,
case_051,5,ok,12.544933080673218,607628,259993,2.337093690983988,reassign_0.1,/mnt/165d5ea0-c4bf-423a-a83b-e5fb727cf65f/lw/A/V10_result/V10_final_2-3-4-5core_allcase_plans/case_051_5core.json,
case_052,5,ok,11.034669160842896,180301,38734,4.654851035266175,r1_slackpack_aggressive_160_20,/mnt/165d5ea0-c4bf-423a-a83b-e5fb727cf65f/lw/A/V10_result/V10_final_2-3-4-5core_allcase_plans/case_052_5core.json,
case_053,5,ok,423.6213610172272,1472686,408851,3.60201149073868,r2_gate025_plus_slackpack_aggressive_160_20,/mnt/165d5ea0-c4bf-423a-a83b-e5fb727cf65f/lw/A/V10_result/V10_final_2-3-4-5core_allcase_plans/case_053_5core.json,
case_054,5,ok,714.6709787845612,815051,235875,3.4554361420243773,level_aggressive_160_20,/mnt/165d5ea0-c4bf-423a-a83b-e5fb727cf65f/lw/A/V10_result/V10_final_2-3-4-5core_allcase_plans/case_054_5core.json,
case_055,5,ok,11.866541147232056,118835,25420,4.67486231313926,r4_gate025_pack12_reassign_a01,/mnt/165d5ea0-c4bf-423a-a83b-e5fb727cf65f/lw/A/V10_result/V10_final_2-3-4-5core_allcase_plans/case_055_5core.json,
case_056,5,ok,195.59188675880432,277285,77661,3.570453638248284,level_aggressive_160_20,/mnt/165d5ea0-c4bf-423a-a83b-e5fb727cf65f/lw/A/V10_result/V10_final_2-3-4-5core_allcase_plans/case_056_5core.json,
case_057,5,ok,7.412918329238892,59726,13979,4.272551684669862,r4_gate025_pack12_reassign_a01,/mnt/165d5ea0-c4bf-423a-a83b-e5fb727cf65f/lw/A/V10_result/V10_final_2-3-4-5core_allcase_plans/case_057_5core.json,
case_058,5,ok,651.0150549411774,4539717,994965,4.562690144879468,level_strong_256_10,/mnt/165d5ea0-c4bf-423a-a83b-e5fb727cf65f/lw/A/V10_result/V10_final_2-3-4-5core_allcase_plans/case_058_5core.json,
case_059,5,ok,23.117335081100464,829473,150782,5.501140719714555,wcc_active5,/mnt/165d5ea0-c4bf-423a-a83b-e5fb727cf65f/lw/A/V10_result/V10_final_2-3-4-5core_allcase_plans/case_059_5core.json,
case_060,5,ok,171.65033340454102,888789,172430,5.154491677782288,r3_gate025_slackpack_reassign01,/mnt/165d5ea0-c4bf-423a-a83b-e5fb727cf65f/lw/A/V10_result/V10_final_2-3-4-5core_allcase_plans/case_060_5core.json,
case_061,5,ok,16.917373418807983,77191,19964,3.8665097174914846,r1_reassign_slackprio_0.1,/mnt/165d5ea0-c4bf-423a-a83b-e5fb727cf65f/lw/A/V10_result/V10_final_2-3-4-5core_allcase_plans/case_061_5core.json,
case_062,5,ok,546.4718492031097,2854809,589567,4.842213013957701,r1_slackpack_strong_256_10,/mnt/165d5ea0-c4bf-423a-a83b-e5fb727cf65f/lw/A/V10_result/V10_final_2-3-4-5core_allcase_plans/case_062_5core.json,
case_063,5,ok,95.62615895271301,1070397,226593,4.723874965246058,reassign_0.1,/mnt/165d5ea0-c4bf-423a-a83b-e5fb727cf65f/lw/A/V10_result/V10_final_2-3-4-5core_allcase_plans/case_063_5core.json,
case_064,5,ok,21.012340307235718,19116,10267,1.8618876010519139,v7_micro64_b40,/mnt/165d5ea0-c4bf-423a-a83b-e5fb727cf65f/lw/A/V10_result/V10_final_2-3-4-5core_allcase_plans/case_064_5core.json,
case_065,5,ok,6.264007091522217,53068,12156,4.365580783152352,wcc_active5,/mnt/165d5ea0-c4bf-423a-a83b-e5fb727cf65f/lw/A/V10_result/V10_final_2-3-4-5core_allcase_plans/case_065_5core.json,
case_066,5,ok,149.87140560150146,359070,94365,3.805118423144174,r4_gate025_pack20_reassign_a1,/mnt/165d5ea0-c4bf-423a-a83b-e5fb727cf65f/lw/A/V10_result/V10_final_2-3-4-5core_allcase_plans/case_066_5core.json,
case_067,5,ok,103.79643940925598,63834834,13456435,4.743814687916971,r1_reassign_slackprio_0.1,/mnt/165d5ea0-c4bf-423a-a83b-e5fb727cf65f/lw/A/V10_result/V10_final_2-3-4-5core_allcase_plans/case_067_5core.json,
case_068,5,ok,129.61847448349,362095,117781,3.074307401023934,r2_gate025_plus_slackpack_aggressive_160_20,/mnt/165d5ea0-c4bf-423a-a83b-e5fb727cf65f/lw/A/V10_result/V10_final_2-3-4-5core_allcase_plans/case_068_5core.json,
case_069,5,ok,28.90987801551819,25144,9788,2.5688598283612585,reassign_0.1+task_sa_b0,/mnt/165d5ea0-c4bf-423a-a83b-e5fb727cf65f/lw/A/V10_result/V10_final_2-3-4-5core_allcase_plans/case_069_5core.json,
case_070,5,ok,12.594931364059448,117300,27664,4.240167727009832,wcc_active5,/mnt/165d5ea0-c4bf-423a-a83b-e5fb727cf65f/lw/A/V10_result/V10_final_2-3-4-5core_allcase_plans/case_070_5core.json,
case_071,5,ok,20.984182834625244,18919,9809,1.9287389132429402,reassign_0.1+task_sa_b0,/mnt/165d5ea0-c4bf-423a-a83b-e5fb727cf65f/lw/A/V10_result/V10_final_2-3-4-5core_allcase_plans/case_071_5core.json,
case_072,5,ok,5877.446798801422,23897828,4735152,5.046897755341328,reassign_0.1,/mnt/165d5ea0-c4bf-423a-a83b-e5fb727cf65f/lw/A/V10_result/V10_final_2-3-4-5core_allcase_plans/case_072_5core.json,
case_073,5,ok,66.3770170211792,10081626,2961745,3.4039480103790165,reassign_0.1,/mnt/165d5ea0-c4bf-423a-a83b-e5fb727cf65f/lw/A/V10_result/V10_final_2-3-4-5core_allcase_plans/case_073_5core.json,
case_074,5,ok,87.67469048500061,1682239,334761,5.0251940936966975,r1_slackpack_aggressive_160_20,/mnt/165d5ea0-c4bf-423a-a83b-e5fb727cf65f/lw/A/V10_result/V10_final_2-3-4-5core_allcase_plans/case_074_5core.json,
case_075,5,ok,185.19501042366028,1441809,364432,3.9563183255037977,reassign_0.1,/mnt/165d5ea0-c4bf-423a-a83b-e5fb727cf65f/lw/A/V10_result/V10_final_2-3-4-5core_allcase_plans/case_075_5core.json,
case_076,5,ok,9169.855599164963,6185113,1236208,5.003294752986553,r1_slackpack_aggressive_160_20,/mnt/165d5ea0-c4bf-423a-a83b-e5fb727cf65f/lw/A/V10_result/V10_final_2-3-4-5core_allcase_plans/case_076_5core.json,
case_077,5,ok,96.6539580821991,495320,109162,4.537476411205365,r4_gate025_pack12_reassign_a01,/mnt/165d5ea0-c4bf-423a-a83b-e5fb727cf65f/lw/A/V10_result/V10_final_2-3-4-5core_allcase_plans/case_077_5core.json,
case_078,5,ok,6.601154088973999,2296143,549277,4.180300649763234,frontier6,/mnt/165d5ea0-c4bf-423a-a83b-e5fb727cf65f/lw/A/V10_result/V10_final_2-3-4-5core_allcase_plans/case_078_5core.json,
case_079,5,ok,1114.2618989944458,31052251,5908912,5.255155433013726,r1_slackpack_strong_256_10,/mnt/165d5ea0-c4bf-423a-a83b-e5fb727cf65f/lw/A/V10_result/V10_final_2-3-4-5core_allcase_plans/case_079_5core.json,
case_080,5,ok,12.906324625015259,292138,100325,2.9119162721156244,wcc_active3,/mnt/165d5ea0-c4bf-423a-a83b-e5fb727cf65f/lw/A/V10_result/V10_final_2-3-4-5core_allcase_plans/case_080_5core.json,
case_081,5,ok,34.20496201515198,151795,30943,4.905632937982743,wcc_active5,/mnt/165d5ea0-c4bf-423a-a83b-e5fb727cf65f/lw/A/V10_result/V10_final_2-3-4-5core_allcase_plans/case_081_5core.json,
case_082,5,ok,78.24885416030884,721041,229164,3.146397339896319,level_aggressive_96_30,/mnt/165d5ea0-c4bf-423a-a83b-e5fb727cf65f/lw/A/V10_result/V10_final_2-3-4-5core_allcase_plans/case_082_5core.json,
case_083,5,ok,41.41353416442871,1057993,269906,3.9198572836468992,reassign_0.1,/mnt/165d5ea0-c4bf-423a-a83b-e5fb727cf65f/lw/A/V10_result/V10_final_2-3-4-5core_allcase_plans/case_083_5core.json,
case_084,5,ok,107.65387630462646,2507412,503472,4.98024120507198,wcc_active5,/mnt/165d5ea0-c4bf-423a-a83b-e5fb727cf65f/lw/A/V10_result/V10_final_2-3-4-5core_allcase_plans/case_084_5core.json,
case_085,5,ok,926.3955354690552,3187899,862000,3.698258700696056,r1_slackgate_aggressive_160_20,/mnt/165d5ea0-c4bf-423a-a83b-e5fb727cf65f/lw/A/V10_result/V10_final_2-3-4-5core_allcase_plans/case_085_5core.json,
case_086,5,ok,114.72757291793823,118403,66443,1.7820236894781993,reassign_3,/mnt/165d5ea0-c4bf-423a-a83b-e5fb727cf65f/lw/A/V10_result/V10_final_2-3-4-5core_allcase_plans/case_086_5core.json,
case_087,5,ok,2450.2684988975525,3974071,888504,4.472766582930409,wcc_active5,/mnt/165d5ea0-c4bf-423a-a83b-e5fb727cf65f/lw/A/V10_result/V10_final_2-3-4-5core_allcase_plans/case_087_5core.json,
case_088,5,ok,65.17382264137268,243623,78803,3.0915447381444867,r4_gate025_pack12_reassign_a01,/mnt/165d5ea0-c4bf-423a-a83b-e5fb727cf65f/lw/A/V10_result/V10_final_2-3-4-5core_allcase_plans/case_088_5core.json,
case_089,5,ok,33.853675365448,693092,147432,4.701096098540344,wcc_active5,/mnt/165d5ea0-c4bf-423a-a83b-e5fb727cf65f/lw/A/V10_result/V10_final_2-3-4-5core_allcase_plans/case_089_5core.json,
case_090,5,ok,17.04041051864624,1178363,396391,2.972728946923618,v7_active3_strong96,/mnt/165d5ea0-c4bf-423a-a83b-e5fb727cf65f/lw/A/V10_result/V10_final_2-3-4-5core_allcase_plans/case_090_5core.json,
case_091,5,ok,8327.07849240303,9186769,1860485,4.9378355643824055,reassign_0.1,/mnt/165d5ea0-c4bf-423a-a83b-e5fb727cf65f/lw/A/V10_result/V10_final_2-3-4-5core_allcase_plans/case_091_5core.json,
case_092,5,ok,688.1050283908844,4815554,903465,5.330094690995224,level_strong_256_10,/mnt/165d5ea0-c4bf-423a-a83b-e5fb727cf65f/lw/A/V10_result/V10_final_2-3-4-5core_allcase_plans/case_092_5core.json,
case_093,5,ok,2.2472479343414307,74205,15876,4.674036281179139,wcc_active5,/mnt/165d5ea0-c4bf-423a-a83b-e5fb727cf65f/lw/A/V10_result/V10_final_2-3-4-5core_allcase_plans/case_093_5core.json,
case_094,5,ok,6.732004404067993,94892,22187,4.276918916482625,clusterphase_aggressive_64_0.2,/mnt/165d5ea0-c4bf-423a-a83b-e5fb727cf65f/lw/A/V10_result/V10_final_2-3-4-5core_allcase_plans/case_094_5core.json,
case_095,5,ok,23.341021060943604,2084853,420852,4.953886401870491,wcc_active5,/mnt/165d5ea0-c4bf-423a-a83b-e5fb727cf65f/lw/A/V10_result/V10_final_2-3-4-5core_allcase_plans/case_095_5core.json,
case_096,5,ok,21.336618900299072,84194,26984,3.120145271271865,wcc_active4,/mnt/165d5ea0-c4bf-423a-a83b-e5fb727cf65f/lw/A/V10_result/V10_final_2-3-4-5core_allcase_plans/case_096_5core.json,
case_097,5,ok,131.67096662521362,11491509,2101032,5.469459294289663,level_aggressive_160_20,/mnt/165d5ea0-c4bf-423a-a83b-e5fb727cf65f/lw/A/V10_result/V10_final_2-3-4-5core_allcase_plans/case_097_5core.json,
case_098,5,ok,18.480865478515625,177430,59377,2.9881940818835577,level_strong_256_10,/mnt/165d5ea0-c4bf-423a-a83b-e5fb727cf65f/lw/A/V10_result/V10_final_2-3-4-5core_allcase_plans/case_098_5core.json,
case_099,5,ok,223.61202144622803,1622999,338055,4.800990963008978,wcc_active5,/mnt/165d5ea0-c4bf-423a-a83b-e5fb727cf65f/lw/A/V10_result/V10_final_2-3-4-5core_allcase_plans/case_099_5core.json,
case_100,5,ok,28.47270965576172,151223,53927,2.804216811615703,level_aggressive_160_20+task_gsa_b0.1+r1_edgegsa_b0.1,/mnt/165d5ea0-c4bf-423a-a83b-e5fb727cf65f/lw/A/V10_result/V10_final_2-3-4-5core_allcase_plans/case_100_5core.json,
